"","GSM7099488","GSM7099489","GSM7099490","GSM7099491","GSM7099492","GSM7099493","GSM7099494","GSM7099495","GSM7099496","GSM7099497","GSM7099498","GSM7099499","GSM7099500","GSM7099501","GSM7099502","GSM7099503","GSM7099504","GSM7099505","GSM7099506","GSM7099507","GSM7099508","GSM7099509","GSM7099510","GSM7099511","GSM7099512","GSM7099513","GSM7099514","GSM7099515","GSM7099516","GSM7099517","GSM7099518","GSM7099519","GSM7099520","GSM7099521","GSM7099522","GSM7099523","GSM7099524","GSM7099525","GSM7099526","GSM7099527","GSM7099528","GSM7099529","GSM7099530","GSM7099531","GSM7099532","GSM7099533","GSM7099534","GSM7099535","GSM7099536","GSM7099537","GSM7099538","GSM7099539","GSM7099540","GSM7099541","GSM7099542","GSM7099543","GSM7099544","GSM7099545","GSM7099546","GSM7099547","GSM7099548","GSM7099549","GSM7099550","GSM7099551","GSM2040356","GSM2040357","GSM2040358","GSM2040359","GSM2040360","GSM2040361","GSM2040362","GSM2040363","GSM2040364","GSM2040365","GSM2040366","GSM2040367","GSM2040368","GSM2040369","GSM2040370","GSM2040371","GSM2040372","GSM2040373","GSM2040374","GSM2040375","GSM2040376","GSM2040377","GSM2040378","GSM2040379","GSM2040380","GSM2040381","GSM2040382","GSM2040383","GSM2040384","GSM2040385","GSM2040386","GSM2040387","GSM2040388","GSM2040389","GSM2040390","GSM2040391","GSM2040392","GSM2040393","GSM2040394","GSM2040395"
"hsa-miR-660-5p",12938,8280,32381,5441,16030,7614,12918,2903,5754,4318,12042,5596,18022,6090,7617,5731,2905,2831,7776,4343,10243,5708,10124,3351,13546,3344,19716,7946,30910,8688,4810,4539,27038,8864,15060,6207,9682,8432,15584,6018,20016,11632,10869,5757,16505,7479,17182,3835,13248,7167,8831,6866,9541,7154,6471,2907,10310,5328,7537,8691,9150,4418,20622,2506,491,715,613,601,479,725,571,523,590,594,496,524,618,647,611,619,981,618,1148,1312,1409,2099,801,638,486,1347,648,1915,530,1540,796,772,1111,2011,1260,956,1243,494,870,1211
"hsa-miR-543",78,55,279,63,120,57,271,21,266,75,400,73,126,203,1328,305,22,46,14,46,28,110,121,80,179,29,343,100,57,240,26,110,49,141,38,60,13,211,72,34,1802,115,31,128,235,69,338,155,37,60,90,183,181,89,256,116,191,44,89,157,191,66,53,63,15,18,8,3,15,1,9,1,9,2,7,2,6,3,3,9,0,1,0,2,0,1,2,10,5,3,44,1,9,1,128,12,2,31,7,48,0,0,1,1
"hsa-miR-154-3p",105,98,199,37,122,76,92,24,211,45,339,71,63,192,5503,790,35,47,14,92,8,46,109,42,48,32,86,63,22,78,45,48,22,51,28,27,26,78,106,46,2270,61,231,48,56,59,544,49,13,110,25,60,98,49,237,126,81,51,131,60,122,67,103,40,0,0,0,0,2,0,0,1,0,0,1,0,0,0,0,0,0,0,0,0,0,0,0,0,0,0,7,0,0,0,36,0,0,4,0,12,0,0,0,0
"hsa-miR-3687",59,69,24,55,16,14,18,26,3,58,115,35,3,17,62,76,2,21,11,13,15,25,13,13,45,43,124,27,13,28,22,15,197,9,8,8,9,29,3,104,37,111,17,11,5,19,84,9,21,10,6,8,40,17,37,33,17,22,42,43,29,16,16,27,1,2,1,10,2,8,4,3,1,6,5,1,6,10,3,0,11,1,7,4,0,2,6,0,20,0,1,24,0,1,0,0,0,2,0,0,1,10,22,58
"hsa-miR-629-5p",643,175,378,125,97,70,72,54,78,40,476,41,459,206,121,52,96,29,84,19,148,56,159,38,34,8,142,76,307,90,269,119,319,96,100,89,346,259,138,35,108,147,404,162,138,74,516,127,3,46,344,127,113,57,112,80,256,108,231,75,319,96,331,38,27,9,8,25,12,35,45,42,15,33,27,9,21,12,16,5,41,25,25,27,69,119,12,32,107,94,80,398,59,80,50,25,33,83,33,38,90,28,191,216
"hsa-miR-3117-3p",167,20,106,11,132,19,12,5,82,22,42,10,16,16,22,10,10,8,10,14,25,13,80,18,308,4,49,14,72,25,74,10,15,37,9,5,30,20,531,18,39,21,95,9,326,66,15,2,7,22,29,9,35,46,47,19,44,20,34,21,282,21,12,6,4,2,1,1,2,3,3,0,0,3,3,4,0,0,4,0,5,0,9,9,9,1,3,4,51,3,3,17,0,2,2,8,5,20,3,2,5,0,9,4
"hsa-miR-1269a",40,17,26,5,43,1,1951,12,2,18,3583,160,21,10,16749,1179,2119,11,44,0,66,60,1402,46,910,13,25,12,15,16,753,5,574,78,10507,52,14,14,7,1,67,11,18,18,261,16,591,8,15361,16,66,5,14,3,66,11,1624,2,2,285,2534,9,7023,35,0,11,1,0,2,1,1,0,0,1,0,0,3,0,2,11,5,0,10,4,3,1413,3,0,0,1,8,490,331,107,0,6,449,77,2071,496,19,2,1881,2030
"hsa-let-7b-5p",54081,216864,273986,118778,153755,162688,102562,67614,313106,134378,73465,157455,191677,140130,97925,117571,207783,64195,133112,54033,131591,144966,233907,117704,196676,68630,129164,160851,216774,222673,194013,96998,61826,192144,27925,179361,473399,161015,114635,110532,252388,275185,407160,193713,232202,178914,24456,120214,127528,223499,59678,157860,123002,194668,65892,101127,258506,128429,161529,154277,124572,154123,36612,64627,11579,5603,5146,7829,4792,11166,9776,9439,9576,11356,10924,13463,7741,11101,11746,8319,11530,14888,5672,5308,7099,1382,3636,4985,442,13573,2792,2328,3953,10400,5426,17349,11533,1967,3948,10123,7300,10431,2486,2814
"hsa-miR-4454",25,36,11,17,17,12,11,10,7,5,17,15,21,48,37,13,8,13,37,29,13,45,10,15,15,10,5,7,4,17,7,7,1,10,3,19,0,9,27,5,15,18,12,19,10,15,8,20,6,8,26,18,6,9,10,38,9,19,49,29,23,23,8,24,17,17,5,12,12,17,35,27,32,77,28,31,41,47,17,14,85,42,275,288,6,119,29,21,30,18,94,79,26,177,210,29,61,58,30,55,19,46,94,72
"hsa-miR-3064-5p",11,10,20,13,24,13,28,7,24,12,74,17,15,17,60,15,12,4,36,5,56,15,28,13,20,5,41,18,59,26,17,15,45,15,28,20,6,23,30,7,42,24,19,18,78,29,17,4,21,22,34,11,26,12,38,7,27,7,43,16,23,10,68,7,0,0,0,0,0,1,0,0,0,0,0,0,1,1,0,0,0,0,0,0,0,0,0,0,0,0,0,0,2,0,0,0,0,0,0,0,0,0,0,1
"hsa-miR-505-3p",1659,2727,3600,1148,485,1861,1201,1432,236,364,941,957,463,2044,668,389,322,795,669,1052,175,311,758,1023,651,1062,1133,1539,7036,846,897,1145,1548,1197,831,1998,967,1019,776,476,603,1335,757,3760,971,990,309,884,2601,1262,449,2198,1043,790,719,619,557,983,1092,1335,779,832,2922,1267,88,9,10,75,12,72,46,80,128,75,59,84,125,81,107,94,107,109,36,44,256,4,5,10,43,92,94,114,61,22,26,75,98,20,71,56,123,130,30,38
"hsa-miR-106b-5p",4038,1933,5620,824,1253,880,1502,959,1327,579,3397,669,1790,1073,2024,1041,771,598,4148,2358,1287,605,2752,1261,1651,742,2037,764,4394,579,17082,2254,4105,1295,4591,792,2893,1407,1140,481,2252,1104,2190,919,753,741,3492,2427,977,1197,5289,1530,1533,472,2837,1154,2029,1489,1612,705,2860,1021,2864,764,292,397,310,192,314,297,252,246,196,245,226,240,162,156,173,155,425,231,459,545,598,1015,524,537,1197,443,407,542,576,560,639,173,638,268,307,513,712,335,906,561
"hsa-miR-374c-3p",5122,5107,10224,33,34,3096,127,2618,4086,397,120,3017,299,2918,1423,4756,335,906,337,2233,35,2089,5030,131,1791,775,5816,3434,4207,1866,5595,2154,10345,600,13378,1604,9389,566,4509,906,3580,3814,4269,2582,1368,1305,159,3082,1509,1770,1520,2394,2807,951,3016,4416,3072,1053,7572,667,3039,2282,2515,1463,0,0,0,0,0,0,0,0,0,0,0,0,0,0,0,0,0,0,0,0,0,0,0,0,0,0,0,0,0,0,0,0,0,0,0,0,0,0,0,0
"hsa-miR-4677-5p",71,13,47,13,29,12,24,12,18,6,28,17,37,12,18,16,19,4,26,10,13,17,25,7,24,3,41,23,90,18,46,17,52,14,26,10,12,14,42,18,34,20,28,16,38,13,17,13,31,14,17,12,46,13,15,4,24,10,43,20,27,13,69,3,0,0,0,1,0,0,0,0,0,0,0,0,3,0,0,0,2,0,3,0,6,3,0,0,0,1,0,2,1,2,0,1,0,2,1,2,0,1,0,2
"hsa-miR-200c-3p",761,780,4630,569,737,2191,786,227,134557,5803,1230,1549,1383,429,1629,2668,4756,556,236,520,778,754,114848,1164,538,380,632,5479,655,564,413,850,981,3985,238,876,2131,2555,971,338,1703,2484,906,971,302,559,2624,604,282,1419,604,394,11736,1822,974,1032,1868,2634,6819,704,1264,453,757,539,13,39,22,28,123,19,17,26,92,7,86,66,11,51,21,11,5,10,20,17,18,44,9,32,35,10,41,56,19,17,4674,84,16,25,11,14,8,9,6,16
"hsa-miR-25-5p",232,94,59,67,43,66,91,49,33,53,307,106,47,97,48,39,30,30,132,14,32,36,89,29,141,39,200,94,109,79,1085,49,258,86,70,91,138,72,50,35,45,59,109,72,148,60,378,27,38,52,53,206,61,47,74,48,212,66,183,112,165,20,225,62,15,15,9,16,18,6,19,1,5,0,9,13,3,6,12,3,8,0,5,4,13,34,17,29,70,16,115,0,37,0,39,6,13,44,54,24,22,0,16,7
"hsa-miR-6503-5p",22,56,28,45,28,40,41,29,28,40,17,27,51,74,30,58,41,24,18,33,7,41,48,53,27,7,112,64,29,76,15,20,34,46,28,35,20,71,85,24,20,61,55,46,13,32,16,19,13,53,42,63,18,45,37,63,62,24,21,65,50,45,23,15,6,4,1,3,10,4,3,5,5,3,5,5,6,5,3,5,8,3,0,0,0,2,1,3,0,1,2,2,2,0,2,3,0,4,0,1,0,9,3,2
"hsa-miR-335-3p",666,299,430,223,372,252,567,273,438,96,1130,263,321,395,182,121,146,64,58,170,135,157,684,234,196,152,368,371,193,229,53,292,856,217,51,153,38,168,105,112,344,184,288,259,193,101,309,202,49,190,351,172,175,184,627,234,351,238,215,269,549,126,256,111,810,470,430,604,598,352,330,315,510,518,659,596,396,263,438,691,323,536,223,226,264,395,319,305,698,209,339,142,725,222,683,670,139,80,312,263,302,511,454,211
"hsa-miR-6513-3p",28,8,20,4,27,15,25,5,19,8,12,12,11,13,15,27,7,12,19,15,17,28,20,14,21,6,24,26,47,35,26,16,29,19,10,12,22,31,11,12,21,18,6,12,16,25,9,11,22,19,27,8,44,31,20,15,34,17,27,25,20,11,32,11,2,1,0,1,0,0,0,2,0,3,0,2,1,2,1,1,0,4,1,0,1,0,0,0,3,1,0,0,1,0,1,0,2,0,2,3,1,4,4,0
"hsa-miR-885-5p",14154,9868,11072,2646,2182,3911,5271,5631,51,1486,1531,3611,8471,7459,1648,1853,249,2375,6047,1946,1613,2770,791,1773,11119,6203,35924,6550,29585,3372,418,3606,2792,4102,5765,4277,788,3397,980,2322,6856,4797,1005,6335,32012,7492,13345,7510,4462,5251,3245,4888,1754,1542,4435,2472,2160,4094,4087,4559,4497,1572,8070,4377,210,171,314,412,389,449,171,282,635,467,378,223,392,294,263,622,741,576,2137,1739,615,644,101,205,53,169,513,351,211,1235,584,37,365,680,386,163,223,1048,1062,887
"hsa-miR-550a-5p",104,15,64,19,28,39,32,9,7,12,89,30,45,24,70,27,76,18,58,8,52,27,42,14,62,15,67,49,117,31,40,5,89,12,27,32,59,27,50,14,28,14,15,21,38,25,207,15,69,13,72,87,36,27,64,18,25,13,34,24,71,14,53,5,7,7,3,8,10,3,8,5,1,4,0,7,9,3,9,7,2,3,14,14,6,38,6,14,42,14,35,56,8,14,14,5,6,22,14,10,23,18,30,37
"hsa-miR-337-3p",1006,525,645,656,1212,1107,2225,479,1631,713,3549,1214,132,1776,47884,3064,384,769,214,1506,157,1077,2299,929,1120,658,2557,952,276,2949,197,1089,406,1079,256,760,154,1421,567,613,13334,936,1809,1101,82,483,1062,1145,511,1211,744,752,1350,1266,1543,1764,1803,787,1090,1652,1099,913,165,732,33,14,6,17,12,12,22,16,9,11,17,7,13,12,5,20,2,5,0,0,5,1,5,6,11,6,186,5,9,1,259,30,2,34,1,94,1,2,9,11
"hsa-miR-152-3p",3014,6484,11785,3133,1850,4213,2617,1812,4190,2616,1314,1550,6251,5047,1262,3092,1927,2523,2149,1986,9142,4368,2387,3164,4511,2469,5353,4787,5661,4468,1655,2811,2908,3487,4381,3313,3190,4375,4788,1702,2098,3900,3141,4130,4654,4658,834,3399,585,2797,771,5547,3793,3726,1576,1846,2355,2936,2969,2140,2857,3505,3067,2491,743,1029,1302,804,843,899,855,886,923,991,738,998,778,823,728,949,992,997,1207,1073,783,1262,515,1114,115,937,296,380,249,1034,182,1391,746,345,444,422,556,902,120,123
"hsa-miR-539-3p",28,19,13,6,19,8,23,3,5,2,56,11,4,18,520,70,2,5,1,9,0,8,5,1,4,2,7,7,2,19,4,6,2,8,11,6,3,18,15,5,385,11,36,21,0,4,104,21,0,5,5,6,6,3,26,18,12,5,20,3,12,9,23,8,32,46,36,12,46,22,92,19,20,20,94,21,33,13,15,25,16,18,0,2,9,2,43,24,29,14,829,17,36,14,1263,50,7,164,11,606,4,12,20,13
"hsa-miR-18a-5p",3698,589,3557,456,6606,581,1087,357,401,290,4532,533,2585,570,2567,766,300,290,1795,539,1406,528,1252,383,973,405,978,704,852,605,1118,624,4887,450,583,368,740,581,740,354,3707,551,697,513,1152,881,8485,751,539,712,6318,2090,3007,486,4839,408,2755,490,1865,556,2939,359,2429,318,45,102,38,64,123,58,44,49,75,37,36,43,38,23,31,46,47,31,40,81,86,114,254,133,419,48,160,254,378,133,263,38,92,54,98,84,146,50,341,192
"hsa-miR-195-3p",117,173,230,249,243,208,263,132,150,285,81,298,53,248,90,209,58,138,29,119,151,238,154,170,406,155,605,270,163,418,47,119,49,294,286,215,38,446,41,123,251,478,150,172,98,287,44,212,151,255,56,194,72,489,135,237,128,121,143,433,143,370,18,51,101,18,20,86,36,42,63,104,51,72,69,67,56,125,110,101,105,102,65,81,33,0,12,17,0,50,20,11,11,13,5,85,204,18,89,49,19,56,16,13
"hsa-miR-28-3p",5887,5211,2970,2847,3851,4826,3371,3547,6102,2824,2689,3292,8087,5415,3259,3892,3868,2308,5908,3039,2620,3496,7531,5219,3895,4077,3312,5149,5950,3835,7549,3557,2747,4059,3199,4148,4594,3341,5459,3261,2972,4981,5050,2762,2497,5038,5379,5869,3250,6032,4490,2777,5168,4730,2917,3724,1985,3452,7130,3835,4049,3508,5118,2193,6714,8289,12873,17530,14164,9077,9998,11017,8235,12217,7176,7416,16248,14990,15607,19765,11897,12513,9895,9702,9748,18421,7633,12245,20258,12559,10072,7397,6639,6438,14911,7159,10656,12820,23657,18491,8389,15282,22936,17880
"hsa-miR-4484",82,149,28,182,77,198,68,120,13,100,4,167,27,213,35,216,13,60,36,127,106,207,6,97,112,136,171,122,7,109,34,71,4,50,40,145,15,144,12,37,24,156,44,107,24,70,14,189,251,111,12,72,35,50,23,153,26,88,69,168,28,85,17,194,0,0,0,0,0,1,0,0,0,0,1,0,0,0,1,1,0,0,0,0,1,0,0,0,1,0,0,0,0,0,0,0,0,0,1,0,0,0,0,0
"hsa-miR-501-3p",1037,691,1281,194,541,453,442,214,140,200,596,240,1107,508,562,490,334,265,825,345,253,296,566,233,570,215,913,411,1880,268,877,922,1154,813,369,289,976,488,1693,283,707,385,1097,378,853,461,602,239,321,496,742,411,634,291,489,365,720,589,760,341,1303,267,1333,268,755,916,443,699,866,559,1064,862,635,230,850,1018,407,408,459,418,403,248,419,473,1262,5325,1174,981,1174,1998,1170,3469,1059,2387,2176,997,1094,3166,1775,651,1490,240,947,1066
"hsa-miR-20b-5p",187,245,1065,206,344,197,480,216,139,141,2883,179,2951,280,444,286,105,147,108,183,88,177,433,275,820,142,688,343,4838,378,312,367,5201,441,122,196,366,361,294,334,201,255,260,216,494,362,293,377,163,374,106,224,378,285,544,302,705,268,255,235,354,228,1220,158,15,14,19,10,20,32,33,17,28,19,11,20,9,9,6,7,27,20,30,44,73,372,34,14,543,8,10,45,63,42,14,21,43,8,39,9,21,50,7,58
"hsa-miR-664b-3p",139,186,193,155,102,157,220,134,50,105,142,132,58,226,84,86,73,104,94,138,259,143,123,140,206,117,408,245,342,144,79,153,267,160,166,189,133,188,143,74,156,213,104,265,115,211,78,172,284,147,186,190,216,110,244,115,153,132,145,189,145,137,318,131,4,4,2,5,10,6,1,4,1,3,0,1,8,9,2,7,5,4,4,4,0,6,2,2,3,1,1,4,2,6,2,5,7,4,4,6,2,1,3,0
"hsa-miR-193b-3p",14147,26615,12777,13720,12348,17421,26924,6929,2589,6825,5997,12936,15165,23020,21141,19696,12675,8679,5640,6147,73759,20830,23094,5922,56506,13789,10303,20011,16759,16689,14343,7399,19155,10977,18910,13308,29657,10592,12779,11019,8071,16967,5290,15648,20326,15394,6615,3362,56230,13067,6995,27037,28236,8696,6789,7010,9590,11926,33553,19991,10986,4916,34405,11446,383,859,1353,764,897,858,455,616,1352,987,643,664,917,627,772,962,984,1075,985,658,636,1454,590,768,158,1256,346,668,185,696,270,657,448,297,383,358,346,1324,317,329
"hsa-miR-548e-3p",36,22,23,7,9,13,20,12,11,3,45,14,30,13,11,15,6,5,12,15,4,10,20,15,15,4,21,8,4,10,15,16,35,13,19,12,25,19,9,6,17,5,12,21,12,9,23,11,10,11,6,23,13,7,19,11,17,15,10,13,14,9,16,13,35,44,61,35,69,40,27,21,32,26,46,32,46,27,35,33,38,20,48,29,94,226,57,64,215,43,61,68,28,23,47,29,18,50,38,19,40,24,31,35
"hsa-miR-1-3p",355,774,964,279,656,414,149,431,1575,1247,993,542,235,273,276,856,281,160,134,151,62,277,1280,380,375,84,625,321,144,296,61,166,22,997,64,282,309,944,55,299,467,515,760,162,200,842,28,325,24,375,108,250,403,510,796,749,461,999,827,421,340,260,114,131,0,0,0,0,0,0,0,0,0,0,0,0,0,0,0,0,0,0,0,0,0,0,0,0,0,0,0,0,0,0,0,0,0,0,0,0,0,0,0,0
"hsa-miR-1268b",49,47,37,15,18,34,33,7,15,13,124,23,58,51,13,19,12,22,30,30,17,9,26,23,38,15,23,31,77,30,81,38,20,33,60,17,142,15,20,7,15,27,37,21,9,33,22,11,6,13,4,34,27,5,26,39,24,26,101,19,49,14,29,20,2,0,0,3,0,3,5,2,3,2,3,4,0,0,2,0,0,4,28,54,0,2,0,0,2,3,11,8,8,5,8,1,6,29,21,7,6,4,49,8
"hsa-miR-671-5p",1555,1284,1518,533,1021,762,847,143,1048,386,1325,304,1639,1109,689,661,870,267,1155,492,418,284,1390,343,955,211,1249,420,1618,263,3978,548,1326,857,560,409,4285,605,2703,331,453,619,2026,505,276,236,2713,226,175,282,1275,571,1394,270,1019,665,1074,652,3306,486,2085,355,2276,371,15,8,2,21,18,4,3,9,7,3,5,6,8,9,8,7,2,4,14,19,12,31,11,13,40,12,38,10,30,21,9,12,13,25,28,24,26,4,35,35
"hsa-miR-215-5p",12,7,13,3,10,11,26,6,43,1,7,1,33,14,9,5,14,5,180,6,28,9,27,3,29,5,16,8,49,6,2603,1,65,7,26,10,23,4,10,5,12,8,3,4,22,4,37,6,39,9,655,9,96,3,23,2,9,8,170,22,28,4,32,5,625,1474,2966,978,2142,4291,3462,1006,5755,1699,3131,3100,2178,1637,1634,2230,1321,1871,1747,1475,10209,5002,732,743,43400,3622,3363,5894,1982,1957,6859,733,446,722,1253,672,502,2323,540,606
"hsa-miR-194-5p",278512,275051,246198,198212,102590,263434,223656,228595,93003,147530,13096,232769,283390,310872,37125,33196,36204,200194,312496,315127,50556,47499,165807,328185,135011,205578,154973,438719,330804,221607,392498,186135,152711,165790,468359,352630,56291,216070,140992,240528,283823,287386,57655,257932,595345,537473,349031,258298,834353,387960,53924,134325,380898,352765,18300,16848,56400,130758,24481,16855,43447,100970,157323,88762,4186,7084,12305,7566,6860,14062,9923,6061,15800,13554,9671,10562,14243,8730,9278,12140,7705,12929,15039,12035,16452,25190,3283,4010,10729,15007,9831,4385,5742,8800,17436,2338,7913,2537,10301,6766,4319,15485,5927,5638
"hsa-miR-374a-5p",7012,6482,4589,4210,1007,1523,1041,1691,727,612,2101,1226,1550,1599,1028,1666,360,548,1735,1959,1581,2355,984,852,1206,1194,1905,1184,2543,1762,1268,2288,2736,945,9052,2054,1066,1569,597,385,1112,1507,1694,2432,715,752,1847,5722,595,681,1494,2605,546,639,1709,1138,3055,3010,1280,906,1710,1915,1520,1359,464,582,738,256,479,604,534,295,552,438,508,507,306,305,272,326,376,325,298,374,815,682,538,225,504,585,514,254,303,231,359,439,288,311,299,302,311,273,172,223
"hsa-miR-889-3p",227,162,105,116,212,146,370,121,332,84,944,169,44,241,15198,1244,61,131,78,335,14,227,288,117,73,82,169,76,85,345,70,141,60,171,65,113,139,108,160,97,3608,131,614,122,8,113,878,229,43,166,133,123,172,109,441,309,147,115,248,162,263,164,133,105,111,150,175,61,216,58,285,59,62,63,228,61,82,66,58,129,60,72,9,41,38,9,173,81,303,32,2618,20,83,30,5004,128,21,883,29,2341,35,58,86,80
"hsa-miR-495-5p",42,45,41,16,49,50,100,17,112,48,137,50,23,118,1204,142,11,28,8,81,8,46,89,34,42,45,120,44,19,101,8,60,16,71,17,29,10,71,30,37,700,49,122,44,24,30,39,48,15,65,19,40,77,67,81,66,78,49,57,59,65,29,9,31,0,0,0,0,0,0,0,0,0,0,0,0,0,0,0,0,0,0,0,0,0,0,0,0,0,0,0,0,0,0,0,1,0,0,0,0,0,0,0,0
"hsa-let-7f-1-3p",113,170,450,250,308,299,368,209,298,182,258,410,167,351,508,130,357,206,291,199,253,190,471,311,200,127,871,606,358,273,131,135,86,185,97,231,135,425,135,123,221,232,183,295,232,261,692,217,581,466,118,194,350,314,188,249,344,172,310,521,149,113,83,228,42,56,44,41,67,21,21,35,37,23,19,25,21,31,26,40,24,25,4,2,76,8,48,65,4,25,12,21,20,40,31,31,29,5,28,19,54,22,6,10
"hsa-miR-4802-5p",90,33,41,30,90,33,76,39,47,36,40,50,46,46,49,48,39,41,84,74,65,65,115,59,141,26,75,37,123,39,106,53,195,34,57,41,18,37,60,30,65,40,47,28,74,61,51,47,92,57,50,38,108,33,45,39,47,44,93,74,50,38,88,34,0,0,1,1,2,0,0,0,1,1,0,0,1,0,0,0,0,0,0,0,0,3,0,0,0,0,0,2,1,1,0,0,0,3,2,0,0,0,0,0
"hsa-miR-324-5p",2025,1220,2338,422,2050,728,921,373,1290,335,1585,299,1256,1133,1946,802,838,409,1763,515,915,384,686,498,474,392,816,560,2329,356,1377,1323,855,900,1269,422,982,719,1100,247,2477,481,1349,687,550,491,581,471,310,461,2636,612,908,347,1447,520,846,995,1204,677,1186,459,5170,666,164,69,14,111,59,63,32,106,49,50,52,47,46,36,79,64,107,31,26,22,61,103,62,62,76,65,44,189,66,68,77,96,205,40,210,96,87,50,100,99
"hsa-miR-376b-5p",187,45,118,54,214,232,496,44,603,95,454,44,91,450,2313,236,90,45,15,104,19,52,96,23,79,23,41,18,13,73,40,149,10,99,15,20,46,29,89,24,1132,99,234,29,43,92,88,59,35,210,36,78,155,39,249,332,115,26,307,259,55,34,6,18,0,0,0,0,0,0,0,0,0,1,0,0,0,0,0,0,0,0,0,0,0,0,0,0,0,0,4,0,0,0,3,0,0,0,0,0,0,0,0,0
"hsa-miR-33b-3p",41,43,12,66,16,86,16,28,2,100,5,164,13,197,38,114,45,81,64,66,43,177,24,54,44,52,283,166,21,174,69,31,39,110,6,95,8,78,23,41,17,66,10,74,5,98,31,52,179,88,14,167,72,216,18,105,54,157,74,244,18,54,198,114,18,14,11,1,15,17,20,10,15,22,7,14,19,6,4,12,11,0,2,4,10,24,4,9,2,3,1,5,7,23,2,2,11,18,16,5,2,6,26,16
"hsa-miR-193a-5p",1745,7938,9887,3903,2145,2260,5800,2044,1806,2328,1849,5950,6889,2428,3217,3080,4162,1660,5211,212,4760,7621,6437,3896,9599,1655,5939,4828,5612,7503,3215,1389,6683,3383,2941,5391,4196,4676,4171,1646,4672,6451,1835,5448,12148,4718,6257,1020,4383,2860,4330,5206,2042,2641,1226,1667,5479,3229,3471,9364,3259,1556,37273,2289,313,110,126,375,110,467,415,402,385,630,326,507,838,575,729,339,218,793,2383,2602,538,204,113,277,59,439,645,244,267,1728,513,341,1157,1453,774,924,1236,580,862,813
"hsa-miR-1268a",67,43,58,26,24,47,64,21,26,9,247,169,152,44,8,18,24,25,41,33,22,16,65,25,59,33,32,21,100,26,171,52,19,49,39,31,222,12,31,5,20,33,43,39,14,27,44,13,20,28,11,25,53,18,19,63,26,20,225,43,91,20,68,47,2,0,0,3,0,1,3,2,1,2,1,2,0,0,1,0,0,3,27,46,0,2,0,0,2,3,8,7,5,5,8,1,6,24,19,5,5,4,39,8
"hsa-miR-378i",21,3218,23253,72,8,40,330,46,3,36262,2464,78,14,48,18,79,39005,17,11,4651,36,204545,33,57,121,3314,14,74,711,174837,387,43340,210,66661,12358,60,29771,64538,2037,67,27454,61,10348,35,16591,5585,24,55668,56,126096,105,136,13,93,7784,24,29,4650,36998,98,24543,38,323,101894,3,9,30,7,15,135,125,66,268,217,123,110,283,304,235,339,287,263,22,14,2,7,6,2,0,44,27,63,23,29,3,32,52,85,72,19,41,295,28,20
"hsa-miR-1249-3p",380,145,212,248,91,59,142,76,78,71,105,26,108,76,91,76,126,31,48,23,267,41,54,49,157,78,710,95,291,185,42,120,217,72,229,145,169,100,94,25,338,230,90,110,122,73,388,141,17,42,119,125,62,57,239,74,85,66,191,185,249,45,55,39,0,0,0,0,0,0,0,0,0,0,0,0,0,0,0,0,0,0,0,0,0,0,0,0,0,0,0,0,0,0,0,0,0,0,0,0,0,0,0,0
"hsa-miR-542-3p",57,82,42,28,32,63,50,32,18,13,76,17,22,29,14,52,4,25,11,68,3,37,23,38,25,20,19,14,17,58,5,18,8,20,13,23,12,36,19,8,27,51,65,39,2,17,15,103,5,26,25,36,19,50,30,40,24,44,37,40,33,30,22,36,129,86,98,69,33,121,152,82,166,165,158,90,160,121,94,133,102,162,40,34,28,13,76,27,24,62,88,33,137,46,52,121,70,152,61,78,36,81,65,163
"hsa-miR-190a-5p",830,331,1782,206,780,329,396,215,283,195,648,261,1061,396,168,311,117,87,269,138,308,347,420,98,403,156,762,300,354,234,255,120,386,194,269,228,253,372,503,107,246,182,276,330,977,318,1556,274,65,135,251,285,117,148,168,242,476,440,190,208,450,230,184,181,33,2,1,39,2,58,66,29,431,58,56,66,24,40,29,33,24,68,105,150,93,8,2,5,14,124,68,30,147,263,104,67,103,299,30,61,131,64,165,113
"hsa-miR-15b-3p",391,103,692,81,347,148,321,98,145,66,988,93,433,158,665,178,182,85,518,115,215,139,525,100,233,94,271,215,1362,161,867,135,299,146,593,114,546,124,361,87,263,120,240,89,335,121,344,175,120,187,271,151,654,141,464,115,268,103,757,160,455,90,355,86,33,1,1,61,0,29,39,45,28,53,42,22,9,17,17,12,60,60,85,111,105,2,1,1,5,157,80,146,147,250,140,26,58,40,47,59,39,113,412,259
"hsa-miR-579-3p",158,18,41,6,13,10,18,11,12,11,32,10,22,22,38,23,13,8,44,7,25,12,26,8,44,15,57,33,44,10,30,15,74,15,50,10,13,16,13,6,22,18,15,17,67,15,95,32,14,19,19,19,15,18,33,10,27,13,29,21,34,4,49,11,0,0,0,0,0,0,0,0,1,1,0,0,0,0,0,0,0,0,1,0,0,0,0,0,0,0,1,0,0,0,0,0,2,0,0,0,2,0,0,0
"hsa-miR-935",54,51,160,27,43,32,69,14,162,41,73,38,253,29,62,35,32,15,35,25,24,33,75,37,78,20,122,50,116,31,4,42,82,80,5,24,3787,96,20,9,58,66,55,25,136,14,18,28,31,20,89,36,31,79,45,39,70,86,47,45,58,29,17,31,0,2,1,0,0,1,0,1,0,0,0,0,0,0,0,0,8,0,0,0,2,0,0,0,12,0,0,0,0,3,0,1,0,0,0,0,1,1,2,1
"hsa-miR-491-5p",69,123,58,63,37,70,66,42,65,61,73,37,268,94,117,97,47,33,12,22,39,80,88,27,99,44,136,111,129,141,78,56,80,74,148,59,121,73,195,46,60,114,78,64,92,97,26,54,42,77,49,68,76,107,67,36,104,79,193,84,86,56,64,33,2,4,2,3,0,3,1,4,5,1,1,0,0,1,0,1,2,0,0,0,1,1,2,2,6,3,0,4,4,1,1,1,2,2,0,0,4,0,1,5
"hsa-miR-146b-5p",16910,15881,14395,10050,12632,36210,18468,6104,20458,23252,4928,8815,11871,51996,18646,27922,31370,14008,39538,17067,224522,21824,23028,24369,30135,12125,35693,35468,19389,22574,18499,34281,56209,32792,179071,20753,34779,27782,35566,13629,14983,19415,31580,13443,2790,52379,16428,12157,3824,54725,22811,34999,36239,45981,21332,24839,14117,8514,23373,29901,31769,36457,16344,13141,33500,51136,28878,50310,47201,72922,168643,42165,53445,45038,47515,110924,37074,57729,55621,55395,28741,59068,68347,54562,32029,13337,51212,100394,9344,49451,64889,53170,29652,8536,33717,34210,95485,46916,49703,54003,10571,52290,17102,18847
"hsa-miR-16-2-3p",18,7,27,5,17,4,9,0,2,5,26,8,17,6,9,4,11,4,11,2,6,8,9,2,19,3,33,14,22,8,24,5,12,10,11,10,22,10,10,2,7,10,3,1,14,2,18,5,6,0,8,10,13,4,7,6,12,2,20,6,16,5,33,8,122,85,99,87,48,137,255,139,174,144,148,154,124,162,155,114,116,143,256,389,214,182,111,94,159,306,225,238,169,138,137,91,276,149,198,177,90,420,438,457
"hsa-miR-548ap-5p",162,37,132,35,42,22,52,24,47,72,139,61,256,35,163,69,60,48,454,47,33,62,174,121,158,15,177,108,260,56,192,89,510,97,60,34,54,79,455,40,63,54,75,43,359,64,127,44,59,99,145,84,236,106,208,107,122,52,193,55,67,27,123,24,0,1,0,0,0,0,0,0,0,0,0,0,0,0,0,0,0,0,0,2,1,0,0,0,0,0,0,23,0,0,0,0,0,0,1,1,2,0,0,0
"hsa-miR-1303",926,289,260,193,204,126,296,55,38,68,194,168,115,96,223,129,71,82,410,45,827,281,224,155,1017,205,1218,523,906,532,64,50,810,177,352,422,26,88,152,57,105,81,30,96,207,102,107,43,363,69,419,249,206,81,167,101,112,33,249,420,273,51,333,135,13,18,22,52,33,17,20,10,18,13,25,11,14,22,15,31,24,9,18,24,51,224,61,127,153,25,82,17,38,38,64,10,59,102,100,35,136,18,98,64
"hsa-miR-499a-5p",2886,1942,2801,2816,1307,2234,1991,2766,905,1319,1407469,7899,1173,3013,60945,4648,1060,1533,1764,1497,11373,5003,5687,2519,4386,2776,8196,4478,2190,5464,570,1135,3802,1438,5104,3198,436,2278,926,1778,3464,2205,1770,2842,2618,2743,846,1713,7903,2091,1492,2044,1210,3562,2182,1385,1944,2452,1093,4146,48402,2388,7766,1976,7,21,27,7,7,21,2,8,3,7,9,7,14,9,8,11,0,19,9,7,6,16,15,4,0,6,7,0,2,5,9,3,5,9,3,6,0,21,0,1
"hsa-let-7b-3p",50,154,161,108,117,215,87,101,52,35,67,147,101,152,56,16,79,41,46,18,68,31,87,50,106,87,280,263,61,114,76,62,27,87,35,163,214,158,47,34,99,179,168,195,40,39,11,71,154,181,41,116,99,126,41,53,70,87,87,148,96,39,38,72,259,308,496,159,448,226,196,213,138,245,162,195,210,260,297,235,201,246,70,51,168,56,305,235,18,181,36,33,56,73,39,282,133,25,102,117,100,236,31,26
"hsa-miR-125b-5p",7258,64393,13700,12534,16199,34060,23550,23952,16157,16907,17417,26057,8115,29925,4593,16196,6066,8273,3196,10074,15729,18877,11740,18501,24853,26020,16092,26185,3656,28517,9867,14180,14479,45603,23239,21481,8672,27784,14201,16488,16775,45598,36671,18392,23544,28969,4898,20091,14638,18166,10058,20782,7701,29959,7018,20927,14820,46868,17495,25913,14070,20863,2250,17527,16394,4161,6385,7084,3521,9195,10683,11618,9729,9070,11285,17587,5703,7499,6794,8190,4632,10126,2173,2012,2533,640,1839,2303,730,3417,2522,584,3132,809,2347,14301,1105,538,1932,2362,1494,8564,1687,881
"hsa-miR-15a-5p",10459,15056,11453,7846,14321,14567,22499,10433,13559,9209,11601,10190,17101,15060,7301,13613,8310,9977,13603,17926,21458,15215,14310,12229,12458,10712,26614,17724,24374,12193,13844,20043,23287,15682,12525,10513,17315,18301,16211,9320,9629,13985,16792,11816,5013,13437,4745,18184,29170,25067,7405,16790,17510,15175,13508,13003,17045,20436,15216,15706,15807,10624,19142,9537,1335,1829,2437,1037,1840,1717,2083,1548,1420,1267,1117,1457,1337,1341,1417,1130,1106,1370,2768,3113,2448,2684,2655,2066,1197,1585,1256,2163,960,1936,867,1113,1720,1068,1124,1365,1134,3066,676,2020
"hsa-miR-7-5p",8564,3530,7263,5158,3897,3160,4998,2442,15385,3674,182166,6670,7018,3706,13797,4096,7545,3044,8024,8113,6858,3298,18725,5415,14615,2283,9891,4460,18388,3835,10693,5784,36649,5845,7457,4187,9560,3721,11705,2100,3208,3389,18080,2869,3609,2176,5700,1997,4492,4694,4717,6145,18313,3385,5928,3927,5954,3415,16723,5792,23492,2607,34390,2555,18,12,8,16,18,19,38,31,28,13,15,18,21,11,9,24,5,15,16,24,61,29,11,19,132,12,44,97,172,47,66,14,33,97,34,21,92,17,102,47
"hsa-miR-135a-5p",6734,418,9657,288,2512,580,6094,146,4378,836,99465,759,4565,189,1385,532,1159,128,1150,361,327,259,29213,1003,5702,99,2426,567,16753,633,838,1301,13555,1248,166,131,711,765,9990,245,9802,661,769,177,1785,345,3383,198,94,586,1734,258,5204,504,17622,269,2829,301,3568,494,7411,450,519,257,17,18,2,8,0,19,4,5,1,1,7,2,1,10,5,0,8,4,3,2,56,107,3,0,20,51,11,87,8,16,73,4,29,2,1,18,3,4,2,0
"hsa-miR-106a-5p",31,54,180,24,54,29,52,35,9,11,211,14,529,35,23,26,6,18,13,31,11,26,51,38,51,16,87,39,340,28,45,66,608,66,17,15,50,53,24,21,29,35,35,28,32,21,40,51,12,36,13,39,27,17,50,32,112,41,19,16,40,14,98,32,7,21,23,5,25,45,66,8,49,9,21,62,6,7,3,7,0,10,16,19,152,158,60,18,240,41,65,23,181,25,72,33,18,3,30,5,4,10,13,19
"hsa-miR-3664-3p",200,24,37,17,19,24,21,17,6,19,8,35,79,28,22,21,2,25,47,40,20,27,32,24,80,18,49,27,40,22,1,26,23,12,13,28,21,25,12,14,26,24,14,38,44,36,81,29,47,54,37,22,30,35,10,26,20,19,38,41,27,22,35,21,5,5,5,0,10,4,9,2,9,6,9,2,4,3,0,5,8,6,14,22,7,10,0,4,21,5,27,14,15,37,23,3,3,3,15,33,31,12,24,8
"hsa-miR-425-5p",25964,6162,23011,5045,19213,8339,9162,4264,7635,4573,13828,5039,10902,11309,25409,8739,8781,5601,25756,6426,30301,8771,10868,5242,9543,6156,15240,12580,56596,7838,31281,9846,29876,9852,22570,7222,15052,10058,14614,4876,21048,7176,10301,6945,11203,10929,43883,5447,12444,10435,33975,8435,72339,7571,23823,6457,11431,7858,65773,10656,24553,6021,41989,7548,553,1252,974,601,910,693,855,734,754,696,676,738,714,637,614,583,445,648,1510,1549,1680,2250,1051,1676,5343,931,2735,1064,1461,1375,4313,564,1013,2928,976,853,1262,1005,1999,1646
"hsa-miR-30d-5p",100278,98039,101055,43966,96091,55936,80343,41305,21481,22779,34358,42423,93832,56674,33426,42402,16143,15301,86513,22519,172588,46904,33308,31756,43495,51245,103900,59195,115785,62697,84852,42610,65136,63837,138540,63285,24412,50360,43199,38918,101577,70669,47112,52545,118239,52330,28037,40430,65315,40409,113200,52883,71703,41386,68898,29921,59290,73398,75308,48005,61986,37045,88495,43921,16491,5116,7350,29603,5295,31851,25402,23349,31715,31508,23713,23383,29172,29103,26909,45903,27562,32740,29004,26876,16454,17481,7061,17225,9046,31349,21519,24748,15707,90147,39198,15460,32189,63046,28217,75648,29602,34053,21019,24611
"hsa-miR-494-3p",319,442,223,155,231,290,337,117,557,72,537,160,81,472,6280,1338,48,93,33,166,10,190,111,78,128,166,215,228,67,298,76,143,46,153,101,182,112,272,198,121,5687,241,863,247,12,117,1295,251,29,242,127,157,125,95,292,394,255,173,261,86,305,150,26,140,5,2,1,12,10,1,13,1,0,3,5,2,8,2,0,7,5,0,0,0,0,1,3,4,15,2,143,1,5,0,92,12,0,19,2,52,0,4,5,8
"hsa-miR-143-3p",340456,470031,404851,157303,482581,354705,342269,232686,696296,517948,227580,389865,222679,232225,324409,659899,421707,183363,188387,349400,118135,357355,704063,299145,645705,208367,948654,316093,216129,398227,150048,321871,97578,972765,85763,247521,113962,828907,154240,235425,504276,550426,721401,168306,115138,590081,89459,199373,136366,509334,257013,192054,400889,840936,444080,487349,455953,729191,498686,502182,399863,487965,77004,129670,300364,174878,201340,165016,138260,237096,331051,636717,156907,357549,343830,348058,151690,330448,202679,182244,323369,334167,182969,208812,98880,20919,165309,162418,21267,289744,191009,128472,155751,180469,183657,520651,181749,133085,162461,194494,248929,127393,134750,140492
"hsa-miR-432-5p",291,371,188,144,377,293,609,96,329,96,1689,380,140,516,17962,1928,55,80,58,99,36,192,502,105,244,120,339,130,140,606,92,162,88,360,135,183,181,296,539,201,18834,269,1893,257,31,187,856,209,49,216,329,135,307,155,256,425,362,115,495,164,425,193,49,88,53,4,2,35,5,19,81,18,30,26,85,27,31,32,8,64,30,20,3,4,6,0,3,9,9,21,629,21,45,8,1953,85,18,186,13,995,12,10,37,34
"hsa-miR-26a-2-3p",62,35,50,34,88,70,52,44,68,18,80,57,36,64,26,29,20,20,33,19,30,79,32,7,88,40,200,126,35,75,37,34,32,42,140,32,62,64,26,15,37,43,38,46,300,38,48,75,89,70,4,56,19,70,35,29,74,78,30,81,30,20,56,38,38,0,0,16,0,22,28,9,51,41,25,36,26,47,26,59,22,31,68,64,17,0,1,0,0,15,52,5,30,15,16,34,13,59,47,13,21,14,67,53
"hsa-miR-377-5p",14,39,15,12,25,31,46,8,22,3,51,18,8,82,249,51,1,4,2,17,0,12,32,15,21,21,12,11,3,73,8,12,7,19,5,10,13,13,11,24,256,27,122,10,9,20,48,15,2,45,1,1,17,29,34,41,26,20,50,26,4,7,5,9,14,8,11,1,10,4,36,6,5,1,5,18,9,9,13,9,0,1,1,2,0,1,22,8,5,5,164,2,7,0,67,37,4,16,0,65,4,6,7,4
"hsa-miR-4521",17,60,12,21,33,41,28,12,40,56,41,20,18,59,30,23,20,13,25,34,7,14,31,25,33,16,52,63,31,11,69,14,12,133,7,14,43,26,24,13,16,30,32,21,38,43,9,24,9,51,8,58,20,82,15,38,11,46,27,34,3,4,19,9,2,1,0,0,0,1,4,0,0,2,3,2,3,1,0,0,2,2,0,0,0,0,0,0,0,0,0,0,1,0,0,0,0,0,0,0,0,0,3,5
"hsa-let-7a-5p",120226,284454,519736,193622,268037,245933,244892,114618,574939,203245,323252,238639,237378,216828,187788,166816,272755,112867,216268,110170,187581,185544,505531,207706,207245,86359,187821,177917,308285,265697,240567,120406,167138,231150,210289,202319,362084,183394,124392,153883,292972,327101,335643,212612,367335,172799,181484,159784,145810,225709,120378,158896,160294,199171,106658,134870,456672,220713,223930,215429,141095,149865,156684,104085,82572,46551,52117,80054,43432,94180,91525,89868,102949,121496,87526,105517,79235,94454,104479,89217,68774,136397,203155,207554,78084,39429,45292,58940,7433,92801,27685,40102,54680,193366,72118,136063,121293,34932,62206,103101,130539,109526,36101,26209
"hsa-miR-150-5p",31391,26039,20019,27863,64106,27812,23189,14440,8848,27729,33587,21572,5733,23679,9939,29886,8000,12162,4566,32405,8185,42204,48877,84139,28470,19778,120702,49206,6502,52397,12117,94210,63968,54628,4942,47429,3148,93065,2273,2647,36467,59893,46219,30529,2871,3839,7526,22865,2392,13521,12845,26451,6384,10446,33534,34724,406750,55142,23805,56646,33391,47281,3858,13890,4084,636,266,2747,1036,2137,882,2000,3161,750,1644,997,623,2141,2545,1236,1205,987,109,113,372,31,882,1181,482,444,477,117,2304,42,302,1698,233,614,772,1146,168,450,312,111
"hsa-miR-874-5p",107,184,263,153,131,151,296,79,116,75,49,58,50,270,27,90,18,97,5,63,53,100,80,59,101,53,56,93,20,79,69,172,23,173,11,149,23,133,117,48,157,141,80,144,108,76,116,63,10,50,64,107,61,82,37,127,107,241,132,121,97,82,39,126,26,11,6,19,5,27,19,25,37,15,21,22,31,26,21,16,19,18,17,12,5,0,6,8,13,11,22,8,22,25,17,55,23,21,101,35,6,22,7,16
"hsa-miR-4443",20,52,64,56,19,64,87,18,13,3,21,55,26,59,18,17,9,7,6,23,27,43,7,5,80,46,23,39,18,69,84,64,12,31,43,97,67,33,1,2,9,19,63,61,26,6,33,37,32,39,10,78,27,34,15,31,16,29,53,34,32,22,35,16,0,0,0,5,0,0,0,2,1,1,0,2,1,1,4,0,0,0,6,17,0,0,0,0,0,1,0,0,5,0,1,0,2,2,3,3,6,0,14,0
"hsa-miR-1908-5p",100,14,86,48,41,40,28,13,5,14,77,92,74,35,301,103,48,20,41,3,37,145,32,28,52,22,34,58,95,45,39,11,27,33,30,154,13,29,71,0,67,40,26,131,24,21,351,8,13,31,520,40,141,32,30,17,48,28,353,96,75,21,474,72,1,0,0,1,0,1,3,0,0,0,0,0,3,0,2,1,0,0,0,0,9,1,0,0,3,3,7,0,18,0,8,0,4,12,15,4,26,0,0,0
"hsa-miR-6724-5p",246,75,15,28,35,100,32,25,3,16,100,41,61,75,46,81,14,23,31,32,28,49,29,45,46,37,68,47,23,29,113,50,61,90,12,39,40,67,15,9,65,74,64,53,17,29,34,15,29,75,36,75,30,42,39,41,155,146,125,52,139,30,130,68,0,0,0,0,2,0,0,0,0,0,0,0,1,0,0,0,0,0,0,0,1,0,0,0,0,1,0,0,0,0,2,1,0,6,2,3,0,0,0,1
"hsa-miR-191-3p",38,16,41,20,20,23,16,13,16,7,48,30,2,28,70,18,21,7,60,7,41,42,20,6,17,22,82,17,86,58,5,3,16,9,37,31,12,12,7,3,15,28,23,26,46,11,32,13,9,8,30,40,14,27,27,10,28,21,25,46,43,24,68,19,7,5,8,5,10,3,14,3,7,8,9,6,1,2,9,3,2,6,4,12,8,6,3,5,75,3,17,1,10,5,11,6,4,24,16,6,8,1,24,23
"hsa-miR-320c",9769,27818,21764,14472,21003,12701,25910,9367,7124,7003,16458,14861,17478,22696,9336,13073,8144,7163,11531,6148,7278,10873,13638,11423,13471,7931,14216,14194,22315,11661,15596,11562,19506,16938,14325,17600,21070,17471,10460,7314,11602,15581,15070,16009,7232,15018,6739,5124,5992,13151,18280,13654,9711,10413,10511,15133,10448,11862,30056,19256,12387,8977,29291,8590,6,8,7,7,10,3,3,8,3,6,3,1,9,11,9,9,2,8,7,9,8,18,9,7,21,8,0,72,5,12,2,3,11,2,3,6,37,8,24,72
"hsa-miR-675-5p",700,882,7798,2268,3413,1504,3917,357,26,362,9795,1655,333,2390,117,421,105,279,26767,113,150,827,337,404,158,374,1065,830,71,1057,465,310,662,1699,28,1081,168,829,353,477,7783,427,607,1096,3026,867,4199,1120,90,467,6730,663,42,445,402,593,2408,958,108,2024,1822,577,336,439,43,18,10,7,10,8,22,14,30,12,13,18,16,25,22,20,5,32,5,4,11,1,4,4,295,5,6,1,6,2,1,0,4,241,26,4,1,8,3,2
"hsa-miR-363-3p",635,703,2724,949,1275,613,1709,670,453,719,9674,962,4835,872,1122,977,576,619,260,443,469,1123,1608,1530,3301,396,3913,1100,10196,1610,706,842,16847,1510,330,931,602,1572,649,844,697,1107,516,908,1121,948,478,782,1019,990,666,870,1311,1028,2065,1070,3740,890,1029,1248,1032,798,3874,757,276,325,480,132,270,234,629,272,221,176,276,390,200,323,251,209,182,199,160,204,441,3006,461,160,2492,129,120,453,317,167,64,214,504,98,222,96,78,849,111,643
"hsa-miR-219b-5p",44,15,314,11,29,15,43,14,67,10,104,15,155,13,85,26,22,9,99,18,42,32,75,20,30,16,66,17,67,26,31,23,100,19,46,11,4,25,24,11,27,23,25,15,468,18,166,15,58,16,77,16,45,21,36,15,43,16,39,42,32,19,100,13,0,0,0,0,0,0,0,0,0,0,0,0,0,0,0,0,0,0,0,0,2,2,2,3,5,0,0,0,1,0,0,0,0,0,0,0,0,0,0,1
"hsa-miR-146b-3p",47,89,51,51,25,62,123,36,45,85,28,100,27,152,42,66,94,36,37,25,586,33,63,54,81,37,94,51,36,57,33,75,76,87,241,63,77,61,63,26,24,78,63,42,8,59,28,37,6,45,54,189,52,66,34,80,63,28,74,111,71,87,91,41,485,117,33,665,144,546,1556,544,429,468,440,956,384,642,889,641,262,677,605,397,179,41,78,247,34,318,553,402,222,54,233,406,345,318,459,469,95,809,163,165
"hsa-miR-107",708,535,361,111,211,371,252,326,50,69,130,153,99,542,219,153,49,169,296,183,346,175,92,77,69,432,188,262,308,135,120,188,129,124,1528,269,73,233,94,92,516,259,180,290,92,181,50,367,264,219,399,441,87,158,246,87,121,420,83,142,272,241,337,262,979,2330,3598,1525,2096,1125,913,1049,1214,2092,782,942,1779,1341,1549,1523,1543,2394,3372,3742,2233,5727,3161,1657,2278,1812,1266,2884,556,1273,823,566,2077,923,1215,1282,2086,2513,546,1601
"hsa-miR-1295b-3p",583,198,137,139,67,167,174,141,0,62,3,181,22,207,22,167,13,60,281,109,650,196,85,125,379,147,43,119,265,164,11,60,57,70,145,137,5,71,62,90,140,165,43,109,136,249,21,116,489,202,14,104,34,153,53,103,45,174,56,248,23,82,316,134,1,0,5,1,0,4,5,0,1,3,1,1,0,0,0,0,2,0,0,0,1,19,5,1,0,2,0,2,0,0,0,0,2,0,5,0,9,1,0,0
"hsa-miR-1287-3p",83,45,108,28,19,89,34,35,48,33,154,48,40,61,184,39,25,33,53,40,157,39,103,55,25,21,39,76,48,68,11,28,51,34,101,67,57,52,214,12,76,58,30,42,68,38,64,25,70,85,74,52,245,58,42,27,65,32,146,48,126,56,11,15,0,0,0,0,0,0,0,0,0,0,1,0,0,0,0,0,2,0,0,0,0,0,0,0,0,0,0,0,0,0,0,0,0,0,0,0,0,0,0,1
"hsa-miR-181d-5p",376,486,725,255,432,356,334,157,1383,332,2102,243,1400,157,368,304,277,97,157,184,65,138,1197,241,447,172,507,394,531,464,397,483,398,528,120,210,1003,611,1339,177,595,603,870,259,527,309,154,300,42,446,336,286,605,482,616,326,966,412,1019,203,799,302,111,135,155,204,119,118,146,121,77,141,56,81,94,69,48,181,139,72,152,115,130,91,66,19,143,104,141,79,77,55,129,51,79,152,91,26,83,170,129,74,45,49
"hsa-miR-17-5p",11006,5689,20715,3059,23002,3990,5879,3012,1661,1228,9177,2848,32682,3139,4268,3063,1541,1106,5917,3336,8249,3116,3949,2427,5150,3932,3513,4704,4746,4428,7976,4080,11891,3240,5519,3344,4548,3276,2394,1556,10063,4873,3209,3717,4908,4494,37382,6378,2508,3007,11266,8282,4575,2577,10946,1996,14680,5348,3914,3106,10410,2931,8430,2500,560,867,1077,804,709,667,659,468,945,813,523,840,629,542,669,802,973,725,2351,3836,1920,1277,3306,2147,2222,659,1139,1003,2784,1989,1132,369,1494,712,1265,1007,2128,710,3366,1684
"hsa-miR-17-3p",460,442,605,191,779,318,317,238,105,105,561,306,905,326,373,227,155,119,392,236,502,347,219,167,310,316,314,335,180,307,278,245,361,213,251,254,232,329,102,136,647,334,210,368,155,241,275,339,303,252,779,730,226,234,715,111,466,440,199,346,656,229,688,205,77,123,103,64,100,113,124,81,158,90,129,154,144,89,117,107,110,134,181,278,138,114,123,143,92,95,158,66,213,105,138,52,145,61,82,159,110,104,128,87
"hsa-miR-548o-3p",47,3,3,10,4,1,0,4,0,2,2,0,32,4,19,3,0,1,15,4,0,3,2,0,9,1,15,1,30,7,21,2,13,11,24,0,8,1,2,0,8,2,1,6,0,5,62,11,11,1,0,1,2,2,1,0,0,8,0,0,3,0,28,5,16,14,23,34,15,30,30,16,34,25,21,32,16,18,22,16,8,17,32,54,116,69,39,19,181,56,75,63,48,21,43,23,39,38,58,25,32,20,101,74
"hsa-miR-204-3p",22,71,18,62,20,52,106,25,13,41,84,79,20,61,11,39,6,18,26,17,355,60,10,32,73,47,124,81,19,59,11,13,9,46,229,90,9,117,3,23,25,93,25,53,21,117,27,17,88,37,6,75,47,113,25,69,18,115,95,127,30,34,70,30,0,0,0,1,0,0,1,0,0,0,0,0,0,0,0,0,0,0,0,0,0,0,0,0,0,0,0,0,0,0,0,0,0,0,0,0,0,0,0,0
"hsa-miR-27a-3p",192003,154089,135846,115605,331663,170995,136462,120934,397707,220244,60838,132581,310795,164897,173612,237911,775202,106677,152268,253168,71378,177138,501761,223836,233459,114172,418943,179820,190896,209567,508568,269506,180933,223065,61174,146347,2230988,387994,496024,94171,218194,269990,583933,112652,33795,187998,68780,183770,92842,345563,233485,134411,504480,310838,395565,201389,448994,305882,566710,170713,363088,246099,69957,109487,45770,57485,36960,56529,54337,3909,2785,5285,2650,3113,3591,3389,2452,3194,4059,2367,4148,3413,6113,5096,44319,33011,35410,49366,18729,3626,3058,4435,3122,3340,2933,6366,4290,1852,4095,3927,2871,2622,2178,2791
"hsa-miR-424-3p",1659,1609,1451,2717,2527,3519,3629,1972,945,2066,3024,4577,806,2281,2437,4536,804,988,717,1413,1604,4027,2838,3438,4636,1543,6463,4211,1480,13072,507,1998,3077,6367,706,3248,427,6916,1719,1949,3566,6271,4448,4003,1233,3293,665,2050,1259,2668,2296,4131,1930,8471,2345,3447,2651,3399,2312,5710,3307,3467,1840,2431,166,126,213,89,152,87,171,98,62,80,123,85,99,99,135,131,105,85,40,32,46,48,145,148,101,61,134,74,73,41,59,105,66,210,108,84,59,65,321,385
"hsa-miR-320d",501,1167,722,595,934,443,918,520,353,311,876,663,1354,850,751,496,544,215,396,258,599,642,1018,409,883,293,753,681,1402,965,1092,677,1503,1182,643,871,2089,1292,626,448,692,698,622,1091,438,649,225,293,332,530,606,916,787,689,752,774,782,565,2134,884,779,512,1678,471,6,5,5,1,10,0,0,5,0,2,1,2,1,1,3,3,2,4,4,2,3,14,10,4,11,1,0,43,0,4,4,4,1,1,1,2,9,4,14,55
"hsa-miR-182-5p",3728,264,4273,256,1064,605,874,206,2403,231,22738,444,4022,340,2296,577,2774,80,2230,619,596,235,21631,458,142,90,885,1527,24523,782,1369,1032,14389,1266,315,361,2316,849,14331,584,1363,609,1891,877,1155,637,410,255,2950,768,2733,1756,3216,948,2855,534,1113,25,2498,437,2028,321,200,45,6582,7675,2759,9471,11645,5036,6178,2907,1409,2019,3249,2767,2159,3400,4882,2144,3349,1800,8031,7598,30908,115319,6086,23399,75066,4042,11771,13937,27894,1219,26993,12763,55956,828,33649,71210,4833,9874,3045,6863
"hsa-miR-5590-3p",127,92,46,73,10,61,83,123,3,54,5,138,13,79,22,76,8,42,66,141,20,128,122,83,104,118,80,76,62,102,31,28,23,26,23,90,4,32,19,86,18,65,9,39,145,108,14,139,21,87,21,46,29,85,15,73,21,75,49,102,29,44,74,46,0,1,7,0,2,3,3,0,1,6,1,2,3,5,3,0,0,4,3,0,3,7,1,1,0,5,1,0,0,0,0,0,3,2,1,2,1,2,2,1
"hsa-miR-19b-1-5p",49,112,100,37,90,69,41,40,24,22,38,38,217,59,26,47,24,21,18,34,56,66,29,31,76,59,39,62,12,50,22,24,26,31,31,45,48,43,14,23,69,74,19,75,42,67,204,80,59,45,36,120,39,50,38,21,73,90,27,64,56,42,131,30,1,0,2,1,0,1,0,0,3,0,3,1,0,0,0,1,2,0,3,4,0,1,2,1,1,0,0,0,2,1,0,0,0,0,2,0,0,1,1,1
"hsa-miR-217",204,49,38,4,4,14,498,46,4,6,367,9,15,15,10,4,2,1,14,7,87,6,71,32,2202,16,21,16,76,13,353,28,1146,44,64,4,7,41,70,3,5,11,22,40,23,10,2,28,0,4,1,6,15,0,59,7,64,14,11,9,93,12,135,12,2,1,0,3,0,4,3,0,7,7,1,0,4,4,0,3,0,1,41,41,6,264,166,6,12,58,2,1,14,62,0,10,73,137,42,0,12,0,107,120
"hsa-miR-30d-3p",1341,909,903,1061,1419,738,1654,628,376,458,466,1026,912,1145,410,700,355,367,1175,585,3723,1174,614,539,707,927,1254,902,1202,1750,884,455,651,538,2227,1183,333,678,494,425,837,1234,624,737,1835,737,296,842,1462,774,1528,1033,1067,997,865,518,642,1172,1142,1240,843,851,1340,705,230,151,261,192,87,355,296,170,336,362,260,297,371,307,259,322,232,284,119,101,170,231,177,232,76,248,161,93,153,699,216,130,250,489,202,483,233,232,151,169
"hsa-miR-548ay-5p",490,47,83,39,49,50,31,29,38,28,190,41,176,54,135,58,53,23,307,52,93,57,82,43,58,30,72,76,273,36,144,41,162,49,106,50,55,34,71,25,41,50,69,39,100,56,74,49,109,48,89,55,186,41,126,37,75,40,191,63,113,25,88,39,1,2,3,1,2,1,1,2,1,2,1,1,3,0,2,1,5,0,2,2,6,12,5,3,6,3,0,4,4,2,1,0,5,4,4,5,3,1,2,1
"hsa-miR-450a-5p",665,963,642,616,923,1376,1636,745,707,319,2404,1110,349,771,627,1062,208,515,258,1709,143,640,1114,796,595,533,429,290,372,1616,104,487,419,611,291,558,254,760,812,435,762,1062,1867,686,162,581,134,2249,174,928,456,574,522,1083,678,646,515,851,552,1183,890,708,381,491,287,245,244,98,141,164,213,64,164,157,218,183,82,83,77,139,85,107,21,39,46,61,137,112,70,83,74,30,159,43,81,176,40,70,39,46,21,58,75,123
"hsa-miR-154-5p",1226,2294,2171,925,2004,2511,3347,800,5994,1304,3056,1632,1147,4294,28051,3443,734,1657,334,2566,182,1273,3291,1396,1305,1201,2255,1081,444,2632,543,1716,494,2214,523,1113,668,1645,1109,1626,22927,1861,6311,1173,1772,1375,1788,1513,360,2434,675,999,1170,1494,2211,2717,1594,2352,2091,2817,1623,1093,877,959,21,9,12,16,12,8,17,10,7,11,23,9,13,13,9,38,38,6,0,0,3,0,12,6,4,2,74,0,1,1,126,34,3,13,4,102,2,1,8,0
"hsa-miR-224-5p",6699,1164,9868,2171,13009,2222,2740,279,3529,1393,739,1230,390,1343,4890,2041,3460,2398,15247,532,77553,471,3343,2149,19815,282,5957,3631,88171,3477,20007,1498,9219,2505,317,3019,10191,1940,2848,249,6128,799,806,4285,1209,2512,4142,2460,9509,3038,11812,2445,14630,1423,12863,581,9872,345,10441,3721,3218,2559,34423,841,512,525,229,380,371,313,178,440,164,123,295,580,236,319,268,205,708,161,1590,2284,1775,11002,579,164,27,2791,172,127,521,62,103,254,4350,530,2001,1381,12467,146,722,424
"hsa-miR-146a-5p",24554,40711,38390,25892,24268,41725,24026,19059,40484,20574,51352,25448,42519,28349,14005,20275,17729,16192,20665,48141,2445,27398,51619,36726,8742,17084,10908,32068,18828,20394,29531,62653,140647,62685,15148,29868,22849,24760,15814,41318,22031,32912,109971,21624,11814,29851,14217,28092,1449,70855,21521,18378,18379,31872,15688,26206,48785,42225,23383,18961,19856,12768,5367,8498,4251,2059,3122,2891,1799,7366,7016,5339,5130,3654,6376,4199,3824,4835,5089,4708,5119,3171,1758,907,1504,1164,2670,1884,1604,1736,1912,7503,5302,497,3551,6926,1452,8557,2917,2226,1832,1985,1838,2009
"hsa-miR-33a-3p",63,55,57,26,42,49,73,46,25,22,25,37,81,97,35,38,13,20,36,19,105,61,38,17,27,79,32,55,86,43,93,37,44,27,154,24,36,48,17,38,56,62,34,38,57,56,29,49,43,50,73,40,35,133,28,16,34,91,31,62,31,23,85,41,6,4,12,12,5,3,7,3,7,9,1,3,11,7,4,9,11,6,9,4,3,9,2,5,12,6,4,4,6,5,13,2,7,2,8,6,0,5,9,8
"hsa-miR-503-5p",405,667,407,290,476,563,700,208,262,231,912,306,471,703,486,776,116,172,129,588,137,277,432,407,412,159,625,248,347,747,105,540,333,606,199,258,161,576,311,295,326,498,1542,350,86,329,176,456,78,453,472,559,319,422,371,624,328,419,497,423,715,309,309,417,20,18,2,14,5,1,9,4,1,0,15,6,4,7,2,7,5,2,2,0,3,2,23,14,12,5,12,1,8,1,7,12,2,14,1,9,6,2,2,0
"hsa-miR-1260b",315,265,189,200,142,319,305,186,24,63,59,260,393,204,373,182,126,88,82,86,3081,257,102,129,395,254,194,478,58,300,383,161,87,130,54,415,194,345,75,22,100,252,146,455,58,163,211,121,531,136,575,412,376,205,98,158,131,193,576,286,250,191,540,243,333,225,323,184,195,126,75,395,121,276,135,123,251,135,187,218,116,262,1116,1085,122,541,398,603,636,133,125,319,159,253,124,115,410,222,272,340,295,304,969,202
"hsa-miR-5589-5p",41,446,29,290,19,240,185,225,0,178,0,365,85,487,10,316,16,178,128,343,123,517,60,261,463,216,84,655,16,274,4,205,97,65,10,243,4,274,84,201,56,470,15,396,41,261,3,91,362,288,21,553,1,104,8,191,39,119,25,265,15,90,134,273,0,0,0,3,0,1,0,1,7,1,0,0,1,0,0,5,5,0,0,0,0,0,0,0,0,0,0,1,0,0,0,0,0,0,0,0,0,0,0,0
"hsa-miR-125a-5p",7159,9804,8466,3963,14261,10937,8287,4178,8651,7591,16758,7608,14169,7031,12816,6826,10550,2886,5735,3139,2776,6063,11492,5786,8990,5713,13824,10959,4260,11023,8010,6855,5871,16909,2943,7431,4974,16041,14708,3162,9459,17048,17676,6866,4800,4632,2643,6229,2351,4391,12411,8384,17150,12858,5667,8798,14072,16170,27109,11235,13483,10032,2956,6588,41243,12250,8881,13599,7824,16067,18236,15441,8191,7917,25615,24777,5484,13243,11052,10809,7754,10948,4836,5054,7907,1019,4936,9016,1141,7112,4167,2080,14193,3276,10175,22239,2214,5593,4424,4971,3528,5226,5779,2130
"hsa-miR-3187-3p",105,34,68,28,190,27,55,12,25,34,312,22,66,34,277,53,26,21,292,21,23,21,87,32,45,18,101,33,312,29,41,43,39,29,17,23,122,30,208,14,80,24,97,17,22,25,100,3,32,35,200,45,149,26,166,45,89,38,354,35,80,16,65,9,0,0,0,0,0,0,0,0,0,0,0,0,1,0,0,0,0,0,0,0,0,3,0,0,0,0,1,2,2,0,0,0,0,0,0,1,2,0,1,1
"hsa-miR-27b-5p",883,714,770,583,581,834,994,522,679,490,1577,820,209,688,534,474,269,326,435,452,711,688,545,377,1614,553,1425,1339,978,1316,56,74,54,82,647,807,615,720,237,314,645,817,632,823,1453,812,1467,468,1403,1022,250,1075,526,757,385,457,518,325,564,764,516,478,1575,325,129,188,240,98,190,116,127,149,164,183,135,184,152,188,192,152,185,188,149,254,169,125,257,232,256,132,214,90,341,110,94,144,122,173,395,217,206,173,1372,667
"hsa-miR-25-3p",26873,10729,38643,9229,11214,10503,19512,8138,15811,6401,37306,9985,13785,12994,23463,12768,7787,6053,32192,12103,26080,10500,31902,10154,25186,9839,19903,12299,44770,14864,140012,14945,51938,17009,27317,11517,10824,12337,21826,11016,22561,14332,11794,7961,24723,12371,24055,19683,21140,15189,28030,10586,15931,14198,18599,11601,23193,12271,18274,17417,22393,12389,25065,8543,5489,5339,6270,8331,5728,6162,8060,6124,5582,6774,4903,5780,7744,8943,8922,8494,10957,7596,15544,16878,6202,12344,7357,8813,18922,9999,13788,13542,10664,11818,17059,4701,22176,15619,18852,25478,28762,8518,26646,21113
"hsa-let-7f-5p",86173,196211,375745,182239,243606,195881,209446,124148,328209,143400,192122,211745,189066,197791,218051,123731,151636,117398,262003,207311,167397,138312,266359,187364,129755,100896,203893,139693,313775,198726,167230,128245,149405,154701,116905,193619,138192,126610,127347,120532,185119,182212,266714,178866,256897,151883,364488,139970,146786,171534,112245,130662,124719,117998,80929,138882,295842,180254,211250,205943,97614,126967,65007,114879,46482,33992,38643,60961,32732,57002,46159,59805,69149,72035,50822,57102,65394,63039,62343,60411,49713,68001,43091,38720,80460,18760,34708,51878,3434,49491,15757,20492,27366,158690,63541,66701,72553,19356,32903,67222,103758,76789,16712,15241
"hsa-miR-6749-3p",36,20,28,18,10,44,37,16,5,11,15,18,35,55,17,20,11,17,18,5,22,12,27,9,19,15,9,21,24,21,37,21,30,18,35,16,28,13,19,6,12,27,33,15,39,12,56,7,18,5,19,16,15,5,15,23,15,52,62,26,14,13,88,11,0,0,0,0,0,0,0,0,0,0,0,0,0,0,0,0,0,0,0,0,0,0,0,0,1,0,0,0,0,0,0,0,0,0,0,0,0,0,0,0
"hsa-miR-210-5p",70,122,117,72,50,188,70,68,63,24,92,70,295,91,108,55,152,60,43,19,50,78,100,33,61,50,46,62,303,48,132,32,106,35,102,92,265,96,95,14,9,64,25,92,9,56,59,19,42,62,15,88,209,30,33,68,36,39,586,134,49,17,260,68,9,29,14,10,23,6,5,9,7,26,1,4,9,8,9,20,2,13,124,86,112,160,6,15,54,11,50,8,10,41,8,2,11,23,35,11,9,33,29,29
"hsa-let-7f-2-3p",59,108,303,129,200,11,281,63,285,5,482,145,27,119,389,86,6,50,738,9,97,86,679,61,75,12,222,12,508,211,80,28,49,11,11,87,38,11,150,154,10,219,129,85,20,12,44,70,197,245,49,176,191,301,214,84,233,84,112,175,154,175,4,7,40,89,109,48,69,51,33,40,69,62,44,39,69,63,54,59,69,69,44,41,72,23,75,31,4,44,5,20,22,46,26,28,50,14,19,29,51,34,4,7
"hsa-miR-136-3p",347,405,624,123,491,557,642,258,1537,413,657,384,371,1002,15894,1988,228,649,73,779,51,727,645,322,254,350,858,430,120,804,156,486,72,477,102,176,369,676,351,496,5428,371,1130,308,529,401,247,665,180,1165,211,492,548,894,555,718,397,758,530,705,542,441,50,228,666,467,490,294,262,439,913,355,563,504,856,467,520,428,322,585,337,412,37,81,100,9,216,120,96,215,4623,61,352,70,6080,715,103,1113,77,4304,92,260,187,101
"hsa-miR-1343-3p",42,30,56,11,19,35,86,22,12,22,205,39,72,48,112,40,49,28,42,10,281,59,64,19,30,14,52,60,153,44,72,20,122,38,24,33,44,33,37,0,39,38,20,42,91,21,66,12,25,22,42,48,58,23,39,20,46,32,87,63,41,20,97,28,3,2,0,1,0,4,1,4,0,1,0,1,4,1,0,3,0,1,3,9,0,8,0,2,3,2,0,5,1,2,0,0,0,2,4,0,1,1,4,8
"hsa-miR-410-3p",339,227,741,68,402,168,544,109,1439,147,1506,371,365,335,28979,2765,106,145,117,272,34,173,485,133,160,120,352,113,168,438,69,203,65,174,102,99,120,163,336,178,6630,125,1025,140,665,156,989,180,105,328,200,100,381,224,843,582,244,155,561,180,335,175,81,80,264,274,264,156,451,106,621,200,145,166,597,134,192,105,111,278,124,166,63,120,63,40,413,336,364,95,5928,146,291,150,16435,393,115,2589,117,6364,114,90,356,302
"hsa-miR-190b",196,80,303,48,4449,139,217,60,113,44,580,82,178,99,295,57,60,13,302,31,288,58,412,79,129,40,116,81,3895,158,266,63,124,118,240,58,223,81,2659,35,166,71,219,47,203,63,93,33,38,88,50,47,470,69,170,98,474,49,838,78,202,75,64,37,11,1,0,1,0,6,3,2,9,7,5,2,4,6,6,5,38,9,179,138,192,1,0,0,0,171,10,29,5,220,15,14,329,18,8,15,472,13,17,14
"hsa-miR-1307-3p",12978,3852,10198,3431,7782,4486,9484,3029,2295,2225,13259,5727,7767,5299,14856,5153,3762,2258,24583,2253,8840,5519,9059,4018,8174,2419,13232,4696,7753,3648,6426,5373,19763,6417,7114,2909,1697,3408,12155,1232,10501,4825,3225,4129,9100,3251,8217,1295,5042,2841,14622,5170,10218,2031,13660,3941,10278,3840,17946,10045,13539,2816,11367,3627,179,115,55,319,100,227,115,186,155,79,112,126,321,151,236,170,188,98,284,444,300,678,181,330,902,455,564,501,404,512,480,181,727,1140,490,697,790,150,781,479
"hsa-miR-556-5p",259,28,130,43,18,35,22,32,10,39,30,39,157,72,36,38,0,32,107,45,22,92,33,35,54,32,81,83,105,49,40,48,21,14,46,58,12,38,7,25,55,31,6,56,116,57,64,46,43,54,40,60,91,60,32,28,66,45,132,48,16,21,113,51,2,5,5,8,0,3,8,10,5,3,7,4,4,6,6,3,2,1,12,22,11,37,2,2,12,7,3,18,10,2,19,0,4,5,10,4,12,8,7,4
"hsa-miR-641",143,37,145,31,22,31,36,27,7,15,147,70,38,38,86,39,16,8,129,15,42,58,48,18,46,38,82,77,54,53,37,12,95,18,88,38,23,28,17,16,28,38,25,37,23,49,213,25,40,38,64,60,30,49,47,10,40,49,31,57,70,23,68,23,15,35,44,12,30,27,57,31,28,35,17,27,26,29,16,24,24,20,19,17,40,47,23,17,196,18,126,59,60,16,26,12,10,40,33,9,43,34,92,65
"hsa-miR-29a-5p",105,62,185,60,62,74,67,53,167,48,43,49,123,94,36,66,96,64,113,28,136,66,64,33,53,44,86,69,109,64,72,57,60,37,258,59,119,61,111,24,46,86,71,82,64,62,30,195,67,59,77,82,78,45,114,51,71,50,128,57,89,35,120,25,12,4,2,10,5,21,15,7,5,7,3,8,4,11,9,12,11,5,24,12,8,2,1,2,0,12,12,2,7,8,13,10,6,5,9,8,3,5,5,8
"hsa-miR-29b-2-5p",220,303,339,210,256,351,285,180,896,267,200,250,183,385,167,263,309,254,595,241,444,319,288,298,285,235,464,480,357,501,337,361,432,523,370,339,127,439,419,250,419,493,275,456,699,584,119,358,627,366,114,396,813,504,275,272,471,427,712,426,251,271,1029,194,10,1,6,8,7,8,3,6,5,3,5,6,8,2,2,11,5,6,11,4,6,19,0,5,3,7,2,14,4,10,9,8,2,5,1,6,2,5,0,0
"hsa-miR-766-3p",922,729,741,276,848,299,446,177,141,166,1161,154,760,413,348,366,331,178,236,253,56,185,481,384,381,101,712,240,2251,175,164,386,591,385,145,264,228,346,564,160,545,299,558,299,1095,161,324,188,116,300,336,281,767,122,634,319,1095,307,1916,264,863,162,1476,256,17,14,11,7,12,27,17,24,18,7,15,29,48,20,58,22,30,7,45,56,14,148,18,19,28,62,46,69,37,53,57,33,41,44,219,134,194,26,97,68
"hsa-miR-26b-5p",228142,249094,166159,225964,180247,247078,230519,242789,196314,141149,168571,252355,298374,216908,112490,212356,55272,83167,198663,124576,80466,274986,166170,171751,154718,204401,155649,255446,284816,256293,196147,104184,96328,148871,479688,277277,144750,183108,85590,128608,177496,270228,164013,173455,184598,232896,90938,206588,126719,230357,127441,158531,167184,236082,125060,180208,247036,284681,282534,239451,128305,203971,192408,172050,19334,25872,37538,22525,21102,24310,23248,20695,26995,36985,15812,23804,50283,44989,44280,40916,36681,32302,32477,30868,21473,34242,14916,16944,18853,11246,8982,13483,10250,20371,12825,13006,28414,16926,23465,23273,18984,31803,22693,14840
"hsa-miR-1226-3p",279,22,205,49,154,39,83,6,52,32,596,40,16,10,630,105,81,12,520,9,79,36,75,88,58,13,255,60,180,43,14,39,202,21,76,54,10,70,95,7,586,65,25,57,195,38,547,41,93,12,1207,44,232,15,718,46,83,14,95,48,191,58,200,15,3,0,1,1,0,0,0,0,1,0,1,0,0,0,0,1,0,0,0,0,4,3,1,3,13,1,1,2,3,0,10,1,0,0,8,0,1,0,3,0
"hsa-miR-374b-5p",6230,3667,260,4092,4490,2117,5132,2174,5280,2055,8868,25,6291,2671,1749,881,2908,1049,9633,2413,5196,2239,740,3050,1883,1756,40,597,1935,1241,175,4039,56,3653,6536,2350,231,3432,2086,1626,106,159,3776,1838,4815,2769,6195,2386,320,2443,3096,2274,452,1815,2579,39,4588,6306,45,2767,3698,1549,15036,1301,229,389,364,156,350,206,161,176,208,226,154,151,112,125,133,200,398,145,318,239,286,487,264,200,373,174,198,327,99,133,140,214,85,150,148,88,190,140,88,132
"hsa-miR-186-5p",6135,2852,3957,1565,1990,1760,3010,1498,1397,691,3294,1589,2434,3042,1220,1033,1378,967,1766,2354,2432,759,1959,1241,1883,1039,2309,1353,3977,1112,6102,3586,5507,2695,4748,1923,1919,1406,1307,484,1471,1623,2675,2298,1538,1023,1208,2608,1228,1211,1205,1969,3110,1207,1778,1535,2510,2285,4517,1789,2406,1221,3994,1302,8865,12786,9667,10239,12749,14983,12288,13007,13148,11156,12048,12794,12138,12365,10851,13076,8947,12787,7682,7923,14630,21922,9383,8262,18146,15574,14243,13108,17505,12193,11805,13224,16655,15118,12144,10549,21363,11161,15037,19664
"hsa-miR-5590-5p",111,49,47,59,14,67,105,94,2,23,7,142,16,72,13,54,7,34,24,69,20,121,64,68,199,93,255,116,87,143,24,37,25,20,25,89,9,47,9,49,30,59,6,76,127,93,22,78,36,69,40,74,39,66,15,43,34,73,28,131,23,50,176,62,1,1,6,5,2,6,9,5,5,7,3,6,6,3,5,7,0,2,0,0,6,6,4,1,0,9,4,2,2,3,1,0,4,1,2,2,1,1,2,0
"hsa-miR-532-5p",27216,12157,36445,11650,16857,12252,15188,6337,9118,6273,17489,9778,28530,9299,15739,9308,8215,4896,17465,7529,23697,10516,17667,9024,24598,9394,22205,13131,66985,18885,16400,9302,42742,13281,19590,13735,19943,16302,25554,5605,31928,15673,21459,9073,22810,8205,38599,4701,21789,11852,26906,9120,19730,15958,15643,8912,18896,9550,19825,15901,29145,13752,41576,7454,748,870,721,1082,734,907,839,941,688,840,676,756,1037,1094,1355,1002,1579,754,2040,1832,1743,4778,1131,1053,749,2290,1400,2631,821,2461,1996,1106,2748,6127,3622,2782,3804,789,1518,2390
"hsa-miR-548b-3p",880,123,286,35,36,89,56,66,1,44,71,79,85,53,225,104,12,59,283,72,227,149,60,45,202,110,185,149,681,92,197,58,239,41,241,87,15,64,16,37,75,86,21,111,210,107,196,149,806,89,19,145,157,66,102,37,90,111,110,122,159,36,555,83,1,4,2,1,5,8,0,2,13,3,7,2,1,3,2,7,11,0,0,0,21,32,2,0,18,19,15,2,3,7,4,1,9,12,3,4,20,1,17,23
"hsa-miR-221-3p",10461,2946,3831,881,1746,1767,3489,858,8309,1823,1425,967,6784,1761,14654,2847,5778,949,3931,905,7113,912,6570,472,1240,970,1902,1086,11096,1205,5380,1166,1375,1157,14190,970,26206,1230,10237,1041,10826,1491,8520,881,8090,1363,5713,1278,4062,2464,2967,1404,1960,1605,5094,1067,2533,1333,2112,1396,5212,1051,2441,419,1347,1507,586,1177,1314,1363,963,1276,1112,806,1028,1018,642,916,915,908,1565,678,2749,2913,938,3017,1919,1509,1083,1970,722,5426,2092,2904,3676,2072,930,1997,1385,2306,2603,746,1695,1607
"hsa-miR-511-5p",262,254,99,275,228,410,457,149,318,304,177,212,413,676,212,255,443,421,251,395,80,387,212,197,298,151,349,248,169,569,70,270,689,140,408,450,142,355,147,159,276,476,157,493,156,227,136,362,115,219,143,520,194,317,223,369,173,235,188,597,252,395,327,96,29,0,0,32,0,75,70,46,77,47,57,52,48,30,54,40,11,49,15,19,4,0,0,0,0,27,54,4,30,8,5,18,8,44,22,12,17,45,21,13
"hsa-miR-92a-3p",318117,242248,398453,264149,965545,224949,336147,201279,43410,127705,356788,337988,879383,180793,212293,162881,94055,82501,181496,105097,565073,269679,230594,294020,411995,160953,281703,290212,108074,264921,224963,142804,618428,186361,150162,331798,165828,230788,101619,144873,662785,387059,127221,246429,215749,311368,1203052,172280,288922,204280,614195,363511,207189,279274,490305,100823,812585,268736,178408,419923,292334,211471,369278,189692,38945,69135,219131,76079,73042,33890,42820,30533,48730,57218,33373,44569,82619,65635,81042,102423,65801,56342,104212,138720,63831,66021,185617,151653,77648,16627,45316,37476,62679,42771,39514,15848,66836,31538,73816,76015,75938,75706,98344,81232
"hsa-miR-151b",81911,25760,48454,28816,44614,31623,57623,23792,34295,22540,50362,51300,42846,33903,49949,30805,34934,16910,92077,23428,188104,44160,60150,41844,55907,31816,120574,48500,145080,74989,49293,31308,97764,60370,60776,37116,25808,54528,93950,23668,88171,56489,24450,27820,94346,42017,31687,17784,83836,39006,121868,35747,53625,55424,50027,23527,53053,37470,57004,61328,48926,39414,97991,23077,4138,784,1080,2387,778,224,233,280,132,258,201,203,218,212,240,207,82,305,247,234,2859,3050,933,1834,1653,133,152,218,118,435,477,131,106,262,135,293,212,317,238,247
"hsa-miR-181a-3p",391,293,404,263,589,476,682,112,905,299,811,342,314,480,370,461,412,184,251,452,166,384,796,318,657,188,1019,560,327,733,240,538,1032,673,209,323,266,883,738,363,449,670,648,302,341,270,145,258,201,578,313,401,487,751,520,374,660,481,555,559,693,437,260,240,284,210,210,254,265,245,249,401,245,288,233,278,246,306,312,216,218,283,182,177,101,68,314,210,237,218,203,316,315,136,148,539,186,427,176,185,200,227,181,235
"hsa-miR-485-5p",187,239,502,147,239,251,505,69,867,150,714,381,252,422,5791,811,81,126,33,135,59,352,408,196,200,146,305,211,42,711,61,103,67,364,45,209,65,305,114,215,2844,192,641,161,301,173,377,45,78,235,135,171,193,314,304,394,230,197,285,533,209,189,238,132,17,7,11,5,10,4,34,5,9,3,13,6,4,9,11,9,8,2,0,2,0,1,9,11,10,3,336,2,8,0,115,24,0,25,5,88,1,5,0,2
"hsa-miR-542-5p",733,1128,577,800,1014,1629,1700,814,564,554,2457,1316,554,904,897,1818,333,510,457,1282,312,1400,1244,1262,1121,725,871,531,608,3298,220,608,881,1435,292,986,392,1345,1636,895,890,1559,3238,764,324,1624,225,710,313,1672,949,842,1051,2297,879,1151,974,1183,1100,1899,1086,1142,573,848,15,4,3,12,0,21,13,3,13,9,5,5,4,6,4,7,8,14,5,4,3,1,0,2,2,3,8,0,10,2,5,18,0,7,4,6,1,8,8,13
"hsa-miR-99b-3p",730,747,708,336,1404,627,1074,230,1146,525,2350,558,614,612,2283,630,1981,198,1025,409,217,327,3750,439,741,182,865,364,263,514,360,387,327,534,135,356,336,619,1276,195,553,638,1555,221,222,280,168,247,151,386,2109,441,1853,431,803,655,706,397,3829,918,1520,506,202,138,48,39,24,39,43,30,32,37,13,25,15,23,18,37,28,16,52,34,30,29,27,4,51,39,6,24,32,45,153,24,37,39,18,55,23,36,25,22,102,38
"hsa-miR-1295a",86,7,109,16,44,19,48,6,12,2,23,21,2,17,164,15,5,15,31,9,234,15,21,11,215,20,8,13,58,16,4,4,63,15,12,12,10,31,46,5,14,27,24,18,34,11,129,12,131,16,47,33,4,7,3,8,14,12,22,38,6,23,161,18,1,0,0,3,5,0,1,0,0,0,0,0,0,0,0,1,0,0,1,4,6,21,0,0,13,6,0,2,5,0,0,1,0,2,16,4,1,2,7,5
"hsa-miR-1295b-5p",37,16,118,23,93,44,20,14,0,11,37,21,3,14,23,17,9,13,37,15,59,42,45,18,378,26,19,18,17,29,0,5,101,8,24,30,0,5,88,12,12,12,4,17,16,24,21,23,164,11,59,6,6,14,5,6,15,10,8,40,26,3,33,14,14,28,34,41,18,27,8,29,34,39,25,34,54,25,41,25,16,46,28,29,32,34,9,5,1,21,2,4,6,1,2,5,19,5,54,3,51,44,2,0
"hsa-miR-200b-3p",2925,9060,3591,6146,6181,14382,10115,4374,65885,14410,3066,9243,3408,4187,5392,11385,8121,3075,3250,6027,8871,8623,62426,12166,3088,4748,2277,13083,4701,9805,25661,17106,1920,11580,7981,11561,34154,27634,6346,4392,30260,21677,13894,8506,5340,10204,545,8189,600,29330,22403,7731,5819,20685,9420,7592,34680,10432,5120,17477,13769,19050,1272,5987,3329,3854,1521,972,2634,2173,1071,1376,1326,682,2381,2467,470,1717,1867,787,705,671,2858,1889,567,542,1235,1071,2723,340,421,981,2454,1382,7018,1266,77,7,216,1422,420,614,178,28
"hsa-miR-769-3p",295,172,381,110,331,172,413,62,112,100,533,127,193,213,315,140,366,101,374,31,166,99,551,137,283,95,169,128,425,156,395,85,729,140,255,185,325,130,373,62,252,146,223,95,192,125,216,46,233,146,365,109,300,108,459,99,276,109,492,178,365,110,471,122,3,2,2,0,0,1,2,1,3,0,1,2,1,1,0,1,2,3,0,0,3,8,2,4,3,4,5,11,13,3,2,3,4,4,9,5,8,4,6,4
"hsa-miR-3591-5p",13118,11375,13527,15701,11135,18245,16014,11974,103,8712,1439,36072,7005,18603,8644,9820,1068,9478,8918,5285,16029,20668,4534,9604,15001,17421,12535,20373,16271,28485,2147,5363,13054,9037,29690,32331,338,15399,2690,5908,8129,20563,957,29079,15722,15899,5234,15918,66624,13674,9764,22522,3699,13063,6675,16865,3851,3597,6565,48359,9981,17426,33850,10252,7,9,16,8,10,9,25,2,1,8,7,4,8,6,7,12,2,8,62,22,247,345,30,20,17,15,275,30,65,10,18,6,23,55,151,35,127,8,72,64
"hsa-miR-589-5p",816,170,241,100,228,185,309,95,217,106,541,150,435,168,439,196,671,120,594,153,506,151,568,137,793,141,812,109,1464,190,603,208,835,306,385,200,576,141,1044,103,357,221,356,147,909,170,343,119,298,256,407,169,958,203,248,184,325,235,1550,323,652,154,850,151,180,65,71,143,56,158,179,185,175,99,162,166,99,99,104,109,52,136,277,355,316,467,72,197,366,561,233,738,282,839,262,201,126,376,306,141,445,124,310,241
"hsa-miR-101-3p",1981,5613,2660,2021,1146,2738,2394,2665,1000,1126,718,2402,2496,3101,374,2432,466,1290,771,1661,1435,3174,672,1400,1482,2582,1555,2926,565,2913,771,1745,1008,1541,7446,2477,1866,3690,316,1075,1325,3159,1062,3021,804,1650,1047,8106,2457,1955,565,4148,357,2298,813,1653,1915,6305,589,2041,741,1954,1514,1698,10256,21763,36452,10539,11362,20484,11009,14073,24862,27142,12081,11220,30105,22745,14581,22597,19816,26956,10138,9805,6378,3893,9329,3002,1603,6792,4198,3710,4828,6844,3470,6069,9977,3719,4914,5304,6448,22196,4832,5358
"hsa-miR-598-3p",215,191,153,170,834,194,180,72,584,179,124,96,237,240,144,153,169,127,49,207,80,244,307,132,218,122,171,111,193,162,115,254,169,148,122,154,241,268,137,127,328,274,400,178,127,124,47,260,57,184,138,156,193,221,199,226,239,138,219,230,259,248,124,97,51,83,45,25,56,45,35,62,49,55,36,22,24,41,48,29,69,37,34,22,12,26,59,21,97,17,18,46,18,81,24,48,18,31,23,19,12,21,7,28
"hsa-miR-130b-5p",312,150,504,202,363,342,993,177,144,194,3586,183,165,315,550,126,141,170,590,139,1012,559,582,281,1050,272,2529,701,1172,548,192,319,802,86,535,305,445,680,326,70,265,564,173,998,346,175,1188,322,2147,192,1645,616,737,215,307,158,724,114,329,536,803,246,2601,201,45,15,26,34,28,51,61,96,68,33,56,47,104,51,35,48,11,34,62,103,68,202,27,72,296,81,86,37,413,48,67,65,51,131,76,84,195,66,652,178
"hsa-miR-222-3p",36578,7339,23778,6049,11755,2800,11641,1355,27518,6684,11934,4132,12240,3390,30519,7440,4203,1665,7722,3898,29264,4789,24653,2506,11734,1338,17146,5982,41394,9513,13156,8570,13880,5518,9527,3157,38438,8499,37345,3308,35461,10702,7465,2934,22125,5064,11884,1464,23947,6992,8073,7865,17353,6530,16284,3586,21808,4620,18710,9058,12196,2140,13629,1309,879,870,509,619,1196,609,550,503,484,290,548,540,261,408,533,543,647,322,1209,1615,888,2876,1326,1541,1705,1278,660,1682,1397,2069,2290,1042,378,1917,1267,1205,2208,417,3015,1285
"hsa-miR-941",4429,673,936,439,1082,1184,936,346,642,412,2533,550,885,713,3692,830,998,494,1689,346,3819,1349,1090,537,2003,573,1906,653,3307,671,1711,559,3899,1524,1083,410,1238,1101,2768,370,556,466,668,389,4806,1035,1313,394,434,282,804,676,1115,527,2597,1125,1340,876,1710,1744,1004,359,1686,474,370,859,284,1189,492,341,1063,602,828,348,382,453,465,295,816,847,326,407,626,737,847,3091,595,1540,2027,902,1837,1971,1736,630,1039,444,868,863,2721,1335,1689,835,5505,3347
"hsa-miR-877-5p",479,118,168,81,254,137,140,45,130,21,642,137,246,67,902,157,84,40,536,58,57,99,181,45,123,41,165,97,627,147,197,171,390,144,110,131,172,150,339,21,274,93,295,169,295,96,213,50,83,87,755,124,208,68,254,101,241,72,739,149,297,80,1487,51,15,11,5,23,25,1,10,13,5,2,7,10,8,7,10,3,11,8,10,0,23,109,10,42,136,14,30,20,80,22,60,11,26,83,28,51,86,10,84,38
"hsa-miR-99a-5p",148261,473657,142954,504376,496038,795011,721167,454207,193183,407384,267453,883140,32191,655296,104293,558700,61571,343008,146878,441499,948065,975253,352736,474699,981325,805037,623902,1007663,119535,1038599,86985,301600,968071,579693,370871,627125,56856,964162,424378,461499,420141,883442,292843,505728,486289,787447,96939,430468,804742,745894,273901,582543,216665,1054903,205725,447831,273088,921496,208720,1039242,243910,650326,30399,568155,5068,2505,3508,3349,1554,4731,6421,5649,5978,4645,5848,7381,5878,4781,5201,5461,4762,3818,1108,1179,456,1261,1025,565,302,1910,2228,952,2265,484,636,3401,2775,2238,3214,3177,1799,3432,1437,640
"hsa-miR-10b-5p",15827,5959,55447,3201,22092,2693,5411,819,5860,4857,9913,3687,40393,3186,5649,2172,5423,1206,18701,1916,30958,1715,5175,1921,5015,1327,33453,4651,67929,4127,18701,2137,42691,6472,20870,2084,4150,5069,4787,689,3108,2810,2369,1577,39440,1724,11566,1822,47791,4105,22250,2144,3227,9970,8550,7169,16573,7971,2083,5712,3288,3312,33138,1440,25445,49822,18528,38969,48407,16351,81547,36208,16095,53056,64245,25291,12751,56212,73755,10651,64548,74503,57313,52061,225423,69541,49134,58522,574124,77591,31564,125197,47284,17536,6368,32671,64917,87031,379214,5889,33574,12894,7839,17676
"hsa-miR-3909",162,41,149,38,49,70,98,22,22,53,222,66,154,79,221,94,113,36,239,23,567,144,161,50,97,32,442,114,204,118,60,57,159,56,37,65,48,116,299,35,187,79,37,96,721,117,224,40,188,82,510,126,84,62,94,18,136,42,59,168,134,42,703,59,31,4,3,25,0,25,50,30,24,26,28,37,24,27,23,57,16,25,131,96,62,11,2,12,14,48,94,123,139,48,42,31,34,84,137,46,54,54,128,96
"hsa-miR-381-3p",288,295,315,125,282,347,423,139,700,198,861,249,180,628,8024,942,95,263,39,237,28,304,289,126,207,180,454,313,106,754,105,327,71,383,70,176,182,413,154,310,2911,254,723,240,158,251,1261,277,128,439,249,213,313,445,524,477,258,394,263,334,378,239,145,159,707,974,1250,421,1309,412,2193,629,376,581,892,495,538,478,389,684,475,520,76,160,174,53,778,551,1412,247,26514,366,332,162,11671,967,149,2623,196,6665,168,329,551,548
"hsa-miR-194-3p",507,925,527,680,223,895,822,547,42,293,45,1055,363,753,285,619,65,417,441,169,1160,1665,337,344,1270,833,682,1541,973,1738,437,192,260,329,403,1085,58,842,114,182,497,1061,81,1048,1159,872,1045,453,1660,542,183,1362,371,634,248,249,312,491,398,1120,396,647,2103,594,42,15,33,139,28,106,70,63,143,181,75,91,178,129,158,126,157,154,203,214,103,56,9,16,31,84,56,43,39,71,46,17,80,50,201,40,41,150,81,125
"hsa-miR-30a-5p",8058,32890,24855,12452,5998,19443,6642,11256,7392,5905,2387,10860,9504,19260,3185,11338,10181,4843,10334,12042,13404,14595,6766,8846,9545,11125,18908,16251,10800,12055,11638,18733,7305,20321,14377,15778,10182,19807,12636,7980,6714,17648,21566,17063,7239,13017,4214,14687,1591,13859,2749,16999,5681,8591,5149,9417,7072,22681,6812,10303,9121,13005,15357,13976,16149,5995,4113,23677,4246,59030,44363,41081,51852,66930,48427,44234,43234,60798,45712,54901,53173,64098,123232,119619,14969,694,2780,3631,1017,23930,9453,13965,12601,25876,4527,35005,9058,5814,46704,14512,23108,51311,5887,3252
"hsa-miR-210-3p",1459,556,1770,251,492,702,347,360,2717,165,1044,214,8766,773,2375,374,3229,477,889,718,353,321,1512,203,273,246,118,344,4673,147,4354,422,1134,228,3390,224,4486,289,1760,161,95,279,464,388,81,409,1604,1229,161,467,310,395,3443,264,1026,378,306,235,6044,404,665,157,2023,302,111,282,73,138,152,103,107,29,170,13,65,63,354,70,84,190,163,16,227,249,1605,2210,108,144,479,341,876,120,184,298,193,41,516,358,288,273,280,50,84,235
"hsa-miR-33b-5p",41,10,3,20,10,79,1,43,0,16,4,28,130,131,7,43,79,27,111,92,8,75,4,95,1,92,2,83,10,11,217,74,8,4,5,99,28,52,13,3,8,19,33,125,1,95,154,82,25,90,74,58,111,35,16,60,49,163,91,4,17,107,17,93,0,0,0,0,0,103,102,78,119,115,88,52,145,65,71,77,96,101,84,123,0,0,0,0,0,107,27,39,54,1156,53,19,260,65,29,139,172,173,42,28
"hsa-miR-4488",789,727,1037,1163,1570,663,249,984,49,137,2590,1263,1448,384,1797,602,401,576,1207,496,169,369,1767,503,362,396,336,307,520,482,1059,813,412,1246,213,561,2947,615,584,1808,279,668,536,287,60,167,2060,201,425,171,611,384,1390,528,651,1229,418,484,2690,239,3103,526,411,564,0,0,0,1,0,0,0,0,0,0,0,0,0,0,0,0,0,0,0,0,1,6,2,0,16,0,3,20,0,0,0,0,0,3,1,1,0,0,4,5
"hsa-miR-365a-3p",236,695,2490,459,906,1151,18,218,945,9,39,130,1332,1823,103,128,557,328,591,588,482,20,721,61,122,19,691,192,305,110,1456,653,48,60,7943,516,3528,382,101,405,32,1039,1244,69,585,356,1174,2932,111,60,564,891,102,174,3011,340,94,1405,2111,90,153,306,115,148,140,258,575,218,291,252,126,142,308,208,179,207,238,167,243,253,165,225,268,202,303,475,244,382,95,302,134,78,97,389,193,185,140,175,159,161,166,239,110,111
"hsa-miR-676-3p",39,38,27,37,80,55,42,18,19,33,112,48,75,34,36,27,18,14,24,32,7,57,96,35,59,37,112,53,50,112,44,23,647,39,10,45,7,82,64,49,39,71,17,38,312,40,185,24,16,54,93,36,95,99,72,22,64,77,94,72,11,37,178,29,2,4,3,1,2,3,4,3,1,3,5,1,1,1,1,3,0,0,28,27,2,6,2,2,6,1,0,17,0,10,1,0,4,7,4,0,17,0,2,1
"hsa-miR-654-3p",83,129,86,65,103,150,182,63,218,110,212,96,42,289,2371,380,38,101,12,126,17,228,144,84,117,107,272,228,29,432,25,144,27,141,26,98,40,255,72,144,1638,154,172,142,10,156,159,205,62,239,56,191,139,199,153,174,73,137,108,281,162,141,11,108,892,600,782,366,724,430,1849,364,446,451,923,482,445,277,344,569,240,389,34,113,133,51,652,523,785,262,13755,186,481,82,9993,894,55,1208,135,4240,138,252,409,320
"hsa-miR-483-3p",392,295,23670,794,8620,606,487,278,43,404,775,718,60,1117,24080,2996,80,488,9,296,91,1470,143,692,163,678,1099,1212,70,664,11,575,76,513,77,887,47,755,1227,260,37183,960,366,1678,18675,3003,69731,1903,136,314,18835,1508,135,356,721,343,12955,608,54,1142,114,305,806,538,71,35,62,64,51,93,62,125,111,119,150,117,162,84,99,272,88,98,4,0,3,0,8,10,0,2,0,1,2930,2,2618,10,3,0,3,971,6,247,3970,5120
"hsa-miR-361-5p",4753,3843,6436,2353,3191,2892,3476,2055,2920,1880,4762,2026,3994,2596,2658,1978,3135,1178,2869,1607,2985,1989,4354,2511,2009,1875,3227,3803,5186,2923,3883,2754,5876,3215,5395,2427,3777,3581,3226,2016,4402,3164,3524,2676,5395,3313,3524,3792,2756,3070,5093,2761,3377,3866,5309,2191,4101,3533,2804,2430,4247,2342,5011,1895,616,695,755,511,804,507,477,536,514,550,444,488,400,439,560,593,536,536,849,626,750,906,708,640,878,535,447,725,481,653,457,526,349,624,670,652,656,463,601,668
"hsa-miR-3173-5p",159,3,78,26,17,11,37,11,5,9,69,37,7,23,31,23,38,14,31,8,77,33,40,19,110,26,196,38,36,41,5,17,99,10,30,65,6,39,10,3,43,28,10,33,64,8,55,30,92,2,47,43,28,20,25,9,46,21,34,62,21,22,93,15,1,0,0,0,0,0,0,2,0,0,0,1,1,1,0,0,0,0,3,0,3,0,0,0,0,1,0,4,0,0,1,0,1,0,0,0,0,1,0,1
"hsa-miR-3614-5p",7,14,2,30,7,9,15,12,1,14,10,31,4,20,8,24,7,19,9,12,23,24,16,38,19,6,33,14,0,14,10,11,25,20,5,29,0,21,20,6,6,20,10,33,1,12,1,13,8,11,5,16,12,11,5,27,5,2,12,28,14,20,26,9,7,4,1,12,5,4,6,27,20,9,3,15,19,9,20,20,8,15,10,12,4,3,3,4,0,2,4,26,3,2,5,6,10,25,4,3,4,24,5,11
"hsa-miR-501-5p",493,134,756,54,261,97,115,35,112,54,401,29,358,130,317,104,95,75,423,172,58,28,207,68,120,30,151,57,1001,43,229,170,417,113,108,29,285,87,356,28,360,86,284,109,152,30,661,66,52,59,417,101,310,39,359,92,142,76,424,60,420,37,311,33,5,9,1,1,10,1,3,4,3,2,1,4,0,2,2,3,0,3,2,2,14,64,8,7,32,13,13,61,11,14,11,6,6,39,13,7,19,4,29,38
"hsa-miR-502-5p",78,25,274,31,37,26,47,19,46,19,48,20,68,22,41,19,89,28,75,52,13,8,50,32,19,9,33,17,100,6,24,35,34,19,21,13,81,38,109,6,74,21,90,20,36,11,147,23,25,3,134,17,27,7,61,23,36,16,23,17,135,30,78,8,6,12,2,5,15,4,4,7,1,2,1,6,4,2,7,5,5,7,16,34,29,52,17,9,18,13,20,26,6,12,16,8,9,21,21,8,9,5,22,20
"hsa-miR-379-3p",17,15,24,10,14,25,35,9,81,17,85,23,10,28,1257,170,11,13,12,30,3,26,43,28,17,13,28,18,4,63,14,18,8,30,9,25,9,31,17,14,418,17,37,20,39,22,77,23,3,51,6,20,30,33,31,34,14,16,26,33,25,18,6,13,11,5,10,7,5,8,15,0,3,2,11,6,3,3,4,12,2,0,0,0,0,0,4,5,14,2,129,1,8,0,230,6,2,41,0,64,1,8,7,2
"hsa-miR-338-3p",282,246,356,137,336,324,163,186,1197,340,360,279,397,240,150,198,99,120,109,362,105,239,231,204,199,178,364,326,399,215,99,574,311,355,184,239,343,511,171,54,199,452,98,155,266,298,137,234,135,419,168,320,454,220,153,138,707,617,302,290,181,208,127,207,160,193,138,131,82,491,115,181,162,250,266,243,160,281,186,168,88,287,126,83,124,60,82,53,38,142,110,127,100,180,144,110,98,106,98,138,76,216,42,83
"hsa-miR-6511a-3p",34,44,51,16,39,26,19,14,13,15,121,8,14,27,80,23,18,13,31,9,47,13,34,28,46,8,82,10,57,23,29,28,67,41,53,14,46,28,23,5,51,34,25,28,12,24,14,20,37,21,42,19,56,8,23,22,30,32,88,35,39,13,90,12,3,0,2,1,2,1,1,1,3,1,0,2,3,4,2,1,11,0,3,7,1,2,0,1,1,3,0,2,3,3,3,4,0,1,1,0,6,2,3,4
"hsa-miR-1247-5p",399,412,1182,111,3675,120,120,178,403,845,832,635,136,2019,124,321,202,264,921,36,23,964,453,351,72,449,261,234,19,933,41,142,19,204,4,255,50,401,51,79,397,472,285,244,4,253,2361,160,79,19,104,192,147,407,852,443,5332,2701,218,846,210,143,58,37,168,18,45,21,38,58,27,35,24,19,19,22,28,95,39,335,27,29,26,24,3,0,6,32,12,5,19,0,23,4,0,244,2,0,0,16,4,148,17,4
"hsa-miR-1228-5p",145,71,43,103,37,99,45,43,25,37,56,36,47,107,149,98,64,70,98,109,18,49,32,53,27,29,143,60,70,18,52,102,43,68,43,66,36,61,74,11,93,59,75,115,46,41,155,19,19,33,154,50,35,23,227,123,49,56,187,47,45,36,251,86,0,0,0,0,0,0,0,0,1,0,0,0,1,0,1,0,0,0,0,0,0,0,0,0,0,0,0,0,0,0,0,0,0,1,1,0,0,0,0,0
"hsa-miR-942-5p",694,55,216,155,98,51,122,62,66,54,429,51,84,72,192,65,96,25,86,100,191,83,295,76,293,32,507,78,217,87,271,183,1219,132,83,94,86,98,331,93,144,79,146,67,338,114,293,55,135,92,168,154,246,73,144,61,314,71,156,141,1418,93,398,28,6,1,2,10,0,0,8,4,1,1,5,8,1,6,10,1,5,6,6,14,5,6,1,2,6,3,22,24,10,6,6,4,10,21,17,5,18,6,26,20
"hsa-miR-199a-5p",13635,20118,24052,10755,25878,28565,10084,8150,46312,21365,17226,12668,4226,20234,11979,26673,6762,9873,1304,16304,1635,16526,18741,13012,16730,14188,24535,26440,6047,27205,3190,24238,2555,39742,647,13524,2163,57010,14939,13489,24165,36897,21749,20927,1160,18492,1396,22987,1576,26022,5689,18548,11948,41791,24869,22285,28131,36055,13335,31702,21284,26925,1138,9698,8873,850,721,2760,660,4590,5326,6359,2656,5529,7557,8199,1824,4464,3896,3194,3484,6058,367,582,770,3,419,485,59,2066,1039,568,1277,552,1597,9563,327,161,302,1274,893,2429,603,171
"hsa-miR-96-5p",2804,300,2996,218,316,325,393,130,1545,200,4833,173,2256,166,547,203,2836,79,1526,994,274,105,17063,382,44,46,238,322,6610,253,1055,1535,8234,792,235,145,751,306,3584,128,622,309,1195,368,447,126,149,235,1444,317,2530,386,567,187,931,143,5240,65,537,161,1602,480,476,225,152,109,22,96,82,67,98,47,17,19,71,72,13,21,38,1,19,14,41,66,240,1015,51,148,169,42,67,71,152,11,333,183,261,1,110,231,10,60,7,29
"hsa-miR-490-3p",77,113,35,44,68,207,93,32,68,80,3,90,44,96,24,250,3,67,0,82,2,152,22,47,48,146,87,69,1,129,2,63,1,151,1,62,5,191,5,141,49,137,114,94,41,442,1,54,4,118,10,97,7,254,3,96,8,273,10,312,22,85,3,35,134,82,67,7,28,11,46,17,5,30,32,25,13,17,35,61,33,12,1,0,0,0,12,6,0,2,0,0,13,0,0,6,2,0,0,4,0,6,2,0
"hsa-miR-885-3p",310,295,175,235,94,230,184,173,2,93,23,311,255,181,26,96,9,117,281,40,81,580,28,78,579,168,867,447,295,482,3,115,51,179,69,464,3,240,36,83,192,273,19,438,400,371,129,124,348,243,78,521,55,140,58,151,112,108,129,401,168,104,774,220,3,12,10,14,18,11,6,8,24,8,5,12,26,11,15,20,11,26,153,133,23,51,6,9,2,12,20,4,7,42,10,0,16,26,46,6,24,40,23,28
"hsa-miR-193b-5p",100,440,81,284,149,420,178,236,54,73,36,340,336,360,70,170,98,55,54,43,292,508,185,82,443,236,253,396,148,446,156,77,144,130,326,551,324,200,111,80,91,352,115,371,288,319,70,201,341,172,53,382,194,130,41,148,128,136,492,395,109,151,707,253,11,0,1,23,0,12,16,12,35,23,30,16,29,17,26,25,52,35,51,32,16,0,2,1,0,36,10,14,5,19,6,17,13,6,17,8,8,42,5,7
"hsa-miR-15b-5p",18393,7981,24271,6124,24382,8308,20365,6122,11296,6154,30545,5645,15254,9142,2328,1021,7148,4656,22440,7940,951,561,25155,8435,9671,4457,18897,13780,34223,9360,29629,10083,20880,12596,21412,8544,20136,11110,15557,7875,12767,13011,9364,6054,8966,11383,3845,10989,10716,17305,9179,8548,26221,15321,1852,893,10529,6360,2325,862,20074,7648,8161,4220,446,528,653,516,716,371,550,373,351,325,247,321,223,257,357,387,384,348,823,809,3150,2525,1200,1289,8045,1974,579,1129,402,1148,587,396,1006,721,1252,814,719,510,260,467
"hsa-miR-576-3p",55,43,53,23,8,29,18,29,2,10,15,19,88,39,11,22,8,13,19,8,5,24,11,9,21,15,40,34,17,19,13,14,20,9,29,28,30,30,3,6,13,25,20,34,11,26,23,25,16,14,7,35,19,19,9,12,19,26,28,21,22,10,47,16,0,0,0,0,0,11,3,8,3,11,11,11,16,13,7,7,22,9,14,12,0,0,0,0,0,4,21,23,7,9,3,6,15,8,22,4,25,12,6,11
"hsa-miR-148a-3p",34815,63417,61314,30763,26322,39890,31349,42731,34093,24605,49518,33573,48681,59196,30223,31693,8347,28512,9219,26901,41546,50831,14954,30805,19149,47191,21067,55301,90299,41990,12632,27699,23001,25078,60095,47372,3239,34964,17667,26386,30270,62212,17766,55763,30109,31774,18430,77649,48895,26395,37191,62468,18956,30010,18093,22376,15338,46761,20272,32245,12184,32594,33093,32947,61834,115245,373338,187110,119895,217105,227486,120787,370955,380873,195346,187396,498086,440205,260552,431106,268479,348423,64139,66847,74345,142025,82911,56115,70076,192449,84969,81572,107917,355744,35214,91735,392175,301834,253470,83249,296427,416186,252448,257748
"hsa-let-7d-3p",523,1164,5916,1718,1070,978,1927,505,291,585,1386,1827,772,939,2232,391,461,314,909,136,3300,1292,1112,1410,3748,731,10937,2417,4549,3780,574,536,1923,698,721,2440,173,2998,319,161,2701,2325,482,3054,2060,578,5789,1108,4600,344,2883,2896,1527,1130,671,722,1755,717,766,3213,801,1120,1356,710,272,316,380,308,317,158,209,215,208,161,175,144,188,228,225,285,378,190,85,74,414,160,369,509,39,179,87,212,197,355,511,250,253,71,250,371,654,224,71,93
"hsa-miR-1185-5p",54,80,55,45,75,75,127,41,130,41,199,79,16,135,1692,242,22,55,22,125,4,78,115,63,39,46,71,53,39,136,25,73,23,87,22,49,39,71,52,49,819,67,225,35,2,46,76,104,18,116,34,48,74,59,121,154,73,72,93,74,73,46,31,56,9,7,3,0,5,1,17,3,7,9,9,9,9,3,5,1,0,6,1,7,3,0,9,6,4,1,128,1,10,7,216,20,3,58,1,85,6,5,8,7
"hsa-miR-7977",49,11,15,54,53,159,18,66,35,45,31,130,13,98,71,90,148,27,278,88,158,395,14,174,24,96,102,174,18,42,103,69,11,20,3,283,13,287,17,4,22,43,59,255,16,61,335,60,81,37,1679,89,315,79,91,149,156,182,159,66,192,279,38,199,27,31,13,8,10,11,17,16,11,20,19,11,31,30,21,22,33,16,33,24,8,54,36,36,56,7,13,20,14,20,21,8,44,17,39,28,33,28,28,26
"hsa-miR-874-3p",1315,2109,1611,1762,1688,5747,2712,2534,620,671,372,1290,1035,6425,374,942,465,983,289,472,428,1875,812,1162,1330,1916,1159,1678,279,1062,1353,1356,295,2256,118,5262,614,2015,1478,509,1670,1235,3521,3977,710,1039,4447,643,103,1155,4269,874,1104,986,613,4930,1564,3634,3263,1454,1706,4120,178,4792,162,80,114,102,128,58,127,138,104,96,92,118,112,104,114,129,96,143,90,152,21,21,80,63,225,45,139,49,180,307,146,169,179,212,564,289,27,78,78,272
"hsa-miR-548ah-5p",174,117,77,63,13,167,280,95,5,49,4,125,319,236,15,74,10,112,14,191,63,125,77,92,1218,199,32,109,177,145,39,122,14,71,68,148,12,119,99,83,52,83,23,57,20,90,5,120,324,134,40,93,133,49,108,133,11,48,154,100,52,61,69,66,4,5,48,19,18,17,11,10,28,20,7,9,43,9,18,12,8,25,4,0,20,62,6,7,4,10,7,24,7,2,11,1,78,3,7,8,1,29,3,0
"hsa-miR-375",29966,33153,3671,89926,103869,48432,24462,41148,58550,30857,2080279,185097,13557,33380,16285,51634,4652,10631,2549,5972,3375,107497,84113,38052,37660,29867,2523,56032,17127,34318,1320,11869,52494,8142,1399,60301,2037,17770,10147,32193,47355,42209,3703,30826,517,67028,760,18824,7531,21978,10716,59347,60357,57576,10371,8913,133143,79073,69944,194279,114695,42888,532,33442,1527,1106,4656,2703,706,3377,6157,1394,3592,5900,4356,5753,5207,18810,13046,11358,4425,7169,499,177,210,2684,153,933,22507,117,675,36,14435,511,58624,337,2209,45806,291,5079,1810,5178,858,414
"hsa-miR-760",161,38,87,8,45,21,46,8,68,23,153,17,104,42,216,40,26,7,175,7,35,12,81,16,33,12,167,14,112,19,46,20,88,36,17,20,27,31,75,4,45,20,47,19,72,20,135,5,28,8,128,22,72,11,51,34,49,20,233,32,76,8,428,8,1,0,0,0,0,0,0,2,0,0,0,1,0,0,0,0,0,0,2,2,0,4,0,1,7,3,11,2,2,1,2,0,2,4,1,1,6,2,10,1
"hsa-miR-331-3p",1074,754,678,407,600,748,336,296,62,150,59,319,673,770,258,267,301,214,491,186,406,279,355,225,463,340,416,381,373,238,877,375,215,267,110,339,436,468,428,44,553,418,540,583,178,266,592,288,236,224,446,450,514,155,427,396,473,413,889,219,541,210,248,408,141,2,1,163,0,80,42,57,98,42,67,82,74,79,97,90,63,46,102,91,87,12,1,18,25,86,101,103,104,94,163,125,202,145,114,192,128,68,60,83
"hsa-miR-362-5p",2709,1220,6408,687,1941,1382,1428,543,779,735,1960,837,3961,1247,2437,1317,1050,756,2530,1210,1933,930,1687,656,1952,704,1992,1457,7002,1271,1779,1062,3483,903,1779,752,3084,1444,3836,582,2507,906,1989,950,3055,1229,6408,410,2017,1160,2084,1341,2907,1492,2118,944,2021,1120,2311,1226,3223,825,4632,631,71,88,82,62,90,105,95,98,60,93,71,72,41,78,94,105,88,61,351,448,252,546,143,103,147,209,141,210,71,356,150,89,135,486,265,122,220,60,217,202
"hsa-miR-148b-5p",24,19,30,4,9,5,2,1,8,0,17,0,8,8,10,5,0,1,17,4,3,3,8,5,3,4,13,4,18,1,11,4,15,6,26,6,11,5,10,2,4,0,9,4,14,7,14,7,3,14,12,5,20,0,8,5,6,2,11,1,17,2,9,1,105,58,54,139,59,164,138,85,155,107,168,144,101,102,92,105,94,102,169,256,144,219,47,175,208,238,337,219,449,409,288,122,322,171,106,248,357,124,532,369
"hsa-miR-433-3p",137,140,444,32,98,75,258,14,813,66,437,137,411,170,9108,916,32,68,36,69,32,90,158,61,143,67,238,51,58,293,49,133,47,150,27,66,33,132,88,85,2122,70,317,131,455,78,119,49,66,92,135,139,105,101,164,195,143,84,194,158,157,74,52,41,14,14,4,1,15,0,19,8,1,4,9,3,4,2,3,7,2,6,0,2,0,0,6,7,5,5,71,4,3,2,210,9,6,52,3,121,1,4,5,1
"hsa-miR-449a",75,87,2757,89,219,71,75,31,255,55,363,52,621,55,441,59,695,33,474,122,56,30,296,49,453,16,509,65,8435,134,321,175,1388,76,65,70,3694,129,377,25,208,98,284,64,784,65,181,32,28,168,178,69,1039,78,378,96,313,62,913,100,266,69,730,44,2,1,0,3,0,0,1,2,1,0,0,1,0,2,1,1,8,0,8,12,6,15,0,0,2,7,1,7,2,13,2,3,32,2,16,14,87,0,3,2
"hsa-miR-139-3p",485,1113,296,1454,602,1355,2104,701,283,843,1022,2214,198,1260,239,1103,199,659,138,908,210,2292,764,1730,957,964,2040,1116,96,2941,107,674,155,1539,57,1720,267,1460,175,1265,693,1810,462,1332,567,1021,78,329,333,582,350,1180,215,1726,301,1086,522,2136,411,2540,321,885,365,1273,17,7,24,5,5,6,16,14,11,15,13,11,24,16,16,12,11,24,1,4,4,0,3,5,0,3,0,0,2,4,1,3,0,0,2,4,3,14,3,1
"hsa-miR-374b-3p",234,138,236,142,162,143,239,163,244,99,421,143,134,150,136,135,193,92,364,150,212,184,348,125,147,93,250,167,204,255,104,94,267,114,471,138,262,124,258,87,124,154,261,131,126,143,169,145,120,177,137,124,161,174,183,159,169,141,265,218,249,161,570,86,30,39,58,25,30,33,28,32,37,29,25,22,29,30,34,38,13,17,68,78,25,67,36,26,51,27,59,69,15,23,21,32,27,51,39,14,43,37,46,75
"hsa-miR-23b-5p",69,168,138,229,132,247,240,87,31,93,222,290,55,183,146,148,16,66,74,56,500,417,116,109,366,144,235,201,128,620,31,63,61,73,176,377,39,249,26,75,146,242,54,336,186,202,65,123,392,94,95,398,53,137,56,70,198,112,47,300,108,204,495,146,4,0,2,5,0,1,1,2,1,3,0,1,3,3,2,1,2,1,3,4,0,0,1,2,2,2,0,0,2,2,0,1,1,0,3,1,1,4,2,1
"hsa-miR-4516",111,257,29,65,89,74,32,124,2,9,250,44,64,60,61,45,7,43,49,51,10,37,26,23,33,47,32,38,39,80,46,51,55,94,33,31,209,42,6,74,27,133,46,37,5,30,115,37,24,43,23,31,48,41,40,60,28,100,171,31,102,32,25,145,0,0,0,0,0,1,0,0,0,1,0,0,0,0,0,0,0,0,0,0,0,2,0,0,0,0,1,1,0,0,0,0,0,0,1,0,0,1,3,1
"hsa-miR-4636",106,37,19,17,15,17,31,23,16,15,24,51,31,34,31,18,7,22,10,41,7,16,151,25,104,24,63,33,218,51,13,31,53,25,6,15,5,24,14,22,30,40,32,22,24,30,10,50,19,28,13,37,20,37,27,19,28,29,30,48,17,22,4,5,2,2,3,0,2,3,2,1,3,0,7,3,0,1,0,3,0,0,1,0,2,27,2,1,0,2,0,1,0,1,0,0,2,0,0,3,1,1,0,0
"hsa-miR-6715b-3p",100,88,33,81,7,25,33,14,1,5,5,45,10,24,70,58,53,17,13,33,473,67,7,15,1743,47,29,28,18,22,2,23,15,13,257,73,11,26,33,3,22,15,1,12,4,44,55,22,112,29,52,63,8,10,6,23,10,16,18,64,12,15,15,115,0,0,0,0,0,0,0,0,0,0,0,1,0,0,0,0,0,1,2,0,0,0,0,0,0,0,0,2,0,0,0,0,0,0,3,0,2,0,0,0
"hsa-miR-223-5p",87,78,77,155,95,120,102,154,550,83,133,95,51,135,93,94,119,50,92,234,19,53,822,152,72,77,302,111,43,137,110,409,362,160,33,57,288,167,285,63,77,183,415,99,33,99,47,92,18,148,64,148,474,122,127,156,166,126,484,125,193,79,42,52,21,2,0,14,0,24,24,23,41,11,1,15,8,11,19,22,24,6,7,4,0,0,0,0,0,9,10,100,9,1,6,31,6,25,8,14,2,28,7,20
"hsa-miR-10a-5p",33098,44368,55184,50390,66559,63570,28620,32608,134847,55011,58215,72572,12483,37811,21392,49510,36667,25867,9947,49960,10957,62781,84801,51852,49112,40203,82447,64892,14440,91068,46096,42973,21983,100333,6661,63681,7334,129099,15575,34235,73690,120221,41604,51324,14458,44583,7562,34900,15133,55676,32843,49689,27285,142097,36932,57473,64969,109165,44173,113886,40354,102129,12207,28753,224760,219287,193386,134996,188960,217514,421478,327559,171009,293007,329671,302512,129858,292620,198483,250154,289575,262782,28925,33431,78511,20314,100834,88118,46676,102875,48475,33185,53702,28324,40923,324786,144658,21682,45053,57352,57748,110429,31536,21103
"hsa-miR-126-3p",423889,462791,403256,438606,548518,423197,870995,311727,156029,343012,286503,453723,284571,451686,379524,387004,97240,294792,278630,449155,327326,527310,374379,400134,816023,411457,1159898,552139,325310,650399,76299,310953,270863,378902,273915,459456,232715,662229,175099,340209,491830,582390,519587,475445,389191,299532,307405,389509,337281,358313,1031415,484515,269990,556616,427547,465261,398748,582254,383125,545435,471455,485324,274594,238820,7437,1097,1319,6184,827,9306,9670,6214,12700,7487,7692,6682,7981,7952,6430,12894,8341,5204,3619,3530,3745,482,1055,1667,419,6681,5659,5772,4275,4032,4631,9997,6894,4557,7398,6381,5084,5301,4368,7126
"hsa-miR-20a-5p",15432,11077,29085,8110,31106,7557,11952,6289,3019,4093,12368,7828,51549,4774,5993,6861,2957,2548,8263,5622,19762,10809,7247,5164,10881,7833,5205,7213,4490,10865,6016,4040,13421,3395,8514,6735,4580,4984,3346,4698,10738,7826,4740,6580,8586,10755,53984,9744,7107,8372,16628,14104,7716,8255,16582,4330,31385,14594,6471,9446,11092,6305,13968,5089,732,1722,2407,1093,982,1033,934,673,1568,1915,684,1217,1209,1122,1138,1292,1440,1354,5309,9502,3118,1543,6217,2861,2391,753,1423,1062,3540,4294,1206,536,2524,1402,2089,1280,3385,1282,4401,2261
"hsa-miR-92b-3p",1708,1918,6422,894,1934,859,1098,445,3690,1632,6292,659,2629,1799,1183,1152,8500,321,981,613,282,667,6683,1156,1421,356,1331,820,1368,1513,10249,1681,2397,2257,209,679,17850,1955,3998,452,1339,1454,3789,755,737,498,356,503,243,898,941,1488,22176,1360,2668,1483,2824,1189,24748,1648,5026,1151,339,351,2441,2370,1515,1460,4047,609,885,1979,520,682,966,1202,603,1324,1399,817,478,1142,1107,858,1054,2883,1965,3737,60909,1414,918,761,1259,24744,997,2191,766,2440,798,1235,8855,793,588,442
"hsa-miR-140-3p",1774,2370,1679,963,1447,1702,1290,1192,2025,1055,530,934,2141,1965,844,1428,949,689,1133,1398,1240,960,1153,1380,2250,983,2040,1516,1345,866,2885,2396,1377,1524,1711,1256,1784,2196,2312,725,1039,2002,2855,1246,790,1362,1559,2456,681,1591,767,1348,1339,1196,1110,1649,2932,2450,1882,1017,1628,1377,1685,654,2606,2379,2480,2778,2369,2176,1846,3141,2120,2207,1803,2062,2208,3112,2510,3081,3869,2375,2865,2876,2314,3669,2462,2656,1743,1829,1736,4756,1901,3425,844,4260,2728,3063,4848,2792,9840,1952,3384,2997
"hsa-miR-3074-3p",102,251,168,131,70,155,90,98,104,60,168,113,66,127,130,90,31,62,53,82,256,178,76,104,138,99,113,153,130,130,65,87,57,113,134,164,93,130,24,63,115,178,63,213,85,142,103,105,152,61,72,189,51,92,80,91,109,139,68,123,74,119,140,141,0,0,0,0,0,3,1,2,1,0,0,0,1,0,1,1,0,0,1,0,1,3,4,0,4,0,0,4,0,0,2,0,4,2,3,4,6,1,7,0
"hsa-miR-148a-5p",131,287,91,84,51,119,89,159,13,34,183,114,75,151,49,62,17,45,18,48,103,172,27,68,57,91,51,161,90,90,21,31,12,43,100,144,6,81,30,41,44,124,39,142,73,110,24,75,133,108,85,146,41,78,30,45,18,145,60,90,26,66,200,78,639,1789,7042,1387,1902,1639,1348,1319,2943,3923,1805,1581,3197,3215,2180,2801,1681,3908,371,416,658,1956,1192,810,1203,1135,1092,661,1443,3078,227,530,2198,2133,2179,491,2064,4177,4055,4195
"hsa-miR-550b-3p",112,29,52,21,5,8,79,26,2,25,76,48,7,1,84,55,97,17,4,15,59,40,70,28,131,3,104,44,16,3,86,16,153,17,27,26,161,47,39,10,13,11,7,39,45,17,210,26,103,9,7,49,81,22,9,34,26,21,109,12,118,38,124,19,0,0,0,0,0,0,0,0,0,0,0,0,0,0,0,0,0,0,0,0,0,0,0,0,0,0,0,0,0,0,0,0,0,0,0,0,0,0,0,0
"hsa-miR-5010-3p",222,46,191,48,96,52,69,15,20,18,127,22,61,43,103,27,81,11,116,16,74,26,46,15,32,13,131,45,188,24,44,31,108,26,124,35,138,38,116,22,114,40,92,42,55,29,130,37,55,36,181,36,126,15,104,21,61,28,89,39,120,33,205,8,1,2,2,5,2,1,3,3,1,1,0,3,1,2,3,1,2,1,5,4,8,29,4,10,6,1,9,4,3,1,5,0,1,9,3,5,3,0,8,2
"hsa-miR-455-3p",12415,23605,27316,16969,6788,24871,29835,19889,6678,9450,6315,31038,8605,24200,21190,23684,6903,15348,10911,10326,20662,34186,11485,16880,19782,30139,22376,38071,30335,46617,33304,8974,10926,16980,31421,28510,8758,27693,8429,10350,19415,35033,7267,30082,23194,28687,25531,16470,32944,23963,10385,28557,6127,39789,6241,14778,19874,21934,7744,43547,12193,26321,18996,18164,325,231,489,310,234,795,951,177,497,454,427,953,825,596,681,461,392,446,1518,1684,434,126,198,260,150,290,271,127,412,132,148,346,606,199,991,394,163,427,637,175
"hsa-miR-34c-5p",21,13,22,1,24,4,7,5,743,14,169,2,52,3,15,5,271,2,15,6,9,4,73,4,19,0,49,5,53,2,29,12,139,9,35,5,30,18,188,7,15,14,112,6,31,4,8,9,11,33,15,2,273,11,48,9,52,10,215,13,53,11,132,1,46,15,5,23,36,9,5,27,1,1,11,13,0,11,21,7,2,2,18,24,35,17,43,96,640,36,46,33,21,37,27,64,3,17,182,60,16,9,13,13
"hsa-miR-296-5p",1989,806,276,682,1361,1084,192,423,247,743,251,627,425,751,108,690,201,632,1336,248,36,399,965,528,127,325,266,604,162,772,890,864,535,1068,45,716,1458,1518,59,262,1097,1235,864,837,525,778,4410,523,45,684,2742,541,175,899,1955,971,2233,1014,412,643,1001,765,408,1123,7,0,0,5,2,0,3,8,0,1,5,4,1,4,4,5,2,2,4,0,0,0,2,2,59,0,5,1,1,1,18,3,0,0,2,4,27,5,1,0
"hsa-miR-1270",46,11,53,5,11,12,11,6,15,6,152,12,6,4,125,25,21,4,30,6,2,4,105,20,41,8,14,12,11,16,121,11,86,19,59,13,4,21,10,4,38,14,30,10,1,7,63,12,1,19,10,9,21,24,73,14,22,10,32,8,116,17,58,6,2,1,1,0,0,1,2,1,0,0,1,2,0,2,4,0,2,0,26,34,0,3,4,1,35,1,8,10,1,0,15,3,9,25,13,2,1,2,10,2
"hsa-miR-483-5p",484,2601,9283,1551,5812,1814,896,1740,61,529,267,2263,350,2404,5479,2630,130,617,11,410,50,1290,153,564,149,1685,457,2699,70,2702,15,841,31,1693,47,2813,178,1631,156,681,7933,2398,837,2994,6266,2250,23967,1416,123,1184,7985,2621,134,1215,237,1464,4084,949,131,1512,218,944,303,1176,54,44,129,77,159,50,39,80,47,90,52,50,129,46,98,127,113,83,2,2,0,0,9,26,4,1,1,0,1732,11,1669,6,2,0,3,1011,5,192,3297,3316
"hsa-miR-1277-3p",224,47,180,34,146,105,159,118,117,51,118,80,62,57,158,98,70,85,170,341,123,135,176,80,50,113,235,80,333,77,50,95,218,36,122,83,57,120,92,53,58,44,89,57,124,89,49,245,130,200,72,46,216,64,289,55,87,143,171,101,96,56,133,71,0,0,0,0,0,0,0,0,0,1,0,1,0,0,0,0,0,1,0,0,0,0,0,0,0,0,0,0,0,0,0,0,0,0,0,1,0,0,0,0
"hsa-miR-197-3p",4150,2886,6516,1685,1483,1535,2135,1174,915,820,3315,1059,5460,2987,2526,1269,2007,743,1734,706,2053,1157,2919,1018,1800,670,3326,2152,4317,916,6171,2415,3870,1828,4039,1741,2851,1970,2041,493,2420,2086,2304,1875,1472,991,3713,1289,980,817,2076,2055,1766,622,1667,1217,2622,2122,3901,1815,2717,918,4781,796,520,495,631,489,801,255,294,332,202,212,185,181,366,479,512,469,293,287,494,350,561,1567,601,629,3644,162,302,910,197,379,266,296,308,719,538,283,689,383,462,910
"hsa-miR-3074-5p",30810,51589,28620,25826,27127,25890,29428,40927,27841,18088,8033,56692,30235,26319,34568,33504,40194,12343,99975,72184,37594,35490,83020,117182,26282,15900,27376,22990,10465,24949,190340,110626,52847,173015,6439,26489,49771,33324,24174,9298,50144,64877,35983,35100,7788,24723,37734,22935,12286,22195,31157,26643,22435,17537,43380,26875,169006,108389,52487,22372,34015,26180,53093,93692,3,0,1,3,0,3,1,1,1,0,1,0,3,4,0,0,0,2,2,2,4,7,2,2,4,3,1,13,5,1,2,2,5,8,0,4,13,2,10,4
"hsa-miR-548ar-5p",114,30,54,10,18,13,17,7,22,22,81,21,32,18,26,17,23,17,55,31,13,19,62,13,57,7,45,31,47,13,83,20,73,10,31,20,15,23,28,11,12,25,33,22,22,19,52,46,20,29,20,37,81,29,45,14,26,20,71,24,39,12,92,9,1,2,2,0,5,1,0,2,1,2,1,0,1,1,1,1,2,1,4,2,0,6,2,1,4,0,0,1,1,0,1,0,2,2,2,0,0,2,1,1
"hsa-miR-33a-5p",7108,2633,3774,2180,4380,2064,2057,1768,2080,1894,1508,1924,6424,1759,5075,2984,2662,2168,6120,1935,24908,4207,3652,2493,6324,2351,4771,4069,7609,3236,6223,2433,4571,1760,2219,2748,2936,3730,2288,1527,4826,4213,2721,3029,1503,4415,8703,1715,3641,3912,24844,4880,5751,4579,3516,1679,5091,4204,4061,3836,3447,3141,9309,1687,3,0,0,3,0,6,3,5,11,6,3,9,3,4,3,5,0,8,14,12,8,0,0,0,0,35,12,15,23,52,29,3,29,14,4,19,12,2,34,14
"hsa-miR-6842-3p",26,31,34,34,45,29,34,27,28,20,31,51,14,31,62,35,55,20,49,30,28,45,76,38,21,20,53,42,66,57,19,41,75,31,38,40,32,44,39,11,26,48,34,31,21,34,6,11,31,22,46,22,35,23,42,27,58,17,68,53,34,29,43,19,6,4,2,0,0,3,1,1,3,0,1,1,1,4,2,3,0,0,1,0,7,2,1,4,8,3,1,4,2,0,0,3,3,2,1,2,0,0,1,0
"hsa-miR-3200-3p",223,31,439,14,200,28,60,5,146,29,3150,19,90,25,83,24,34,15,156,24,146,16,171,11,33,6,174,31,709,18,11,54,156,48,197,11,143,40,468,21,141,39,27,31,260,31,39,16,11,32,12,25,286,14,106,11,68,26,270,49,102,16,319,11,4,2,1,7,10,1,2,4,5,4,0,2,1,1,4,5,0,0,2,7,18,63,6,10,54,20,1,33,21,48,45,2,6,71,7,14,31,4,2,5
"hsa-miR-592",105,354,433,369,142,1190,365,343,691,205,267,910,541,458,330,133,320,348,32,961,26,162,8495,502,146,350,1296,944,5621,1048,52,521,180,252,31,850,51,663,330,207,77,847,340,753,252,613,16,341,30,732,106,256,403,151,68,335,168,574,421,387,177,734,36,218,11,11,30,91,10,14,16,32,30,23,27,20,66,37,19,18,24,71,47,46,177,5,10,76,43,75,4,1,9,29,0,2,332,8,7,6,12,26,7,2
"hsa-miR-95-3p",2743,781,1356,463,951,743,521,332,1959,617,834,401,3005,1296,966,930,2764,342,8803,555,585,386,1269,516,259,355,525,676,2807,819,868,621,701,638,2234,461,1271,878,2162,523,1414,888,1033,385,2896,582,100,691,1541,1251,241,421,5793,1253,1497,1020,1470,741,5030,957,2535,572,2045,383,125,73,67,86,48,40,58,61,15,57,69,69,24,70,66,64,30,70,236,236,72,507,25,308,246,216,31,55,47,311,29,135,48,23,7,74,174,36,48,17
"hsa-miR-191-5p",223021,86490,229640,112831,222072,130100,214440,87463,114663,96859,215512,196886,110644,164961,227607,186311,99863,89110,410332,128786,441233,235328,188674,188112,256781,124809,375263,250501,610952,233020,256566,91895,434523,185354,339710,181944,128109,253617,114075,71068,220454,202964,121618,140472,258308,158714,278388,118021,249345,126134,308490,152009,490876,200313,228648,124409,153223,134665,443913,274262,268469,162155,455304,131675,33377,59003,63589,39529,70647,40380,65186,52044,45060,58208,40285,48195,60979,50208,55119,55810,38036,65916,71790,94699,71212,64946,63442,62268,333053,44406,79124,81886,58311,69848,119693,43770,98320,173252,109009,42904,52626,62248,180883,129537
"hsa-miR-139-5p",5660,10303,4928,12434,7521,19309,19843,11510,6763,15391,11871,19866,2770,16176,4784,22148,2779,11245,2657,14762,3545,37990,7758,22223,13968,26235,36741,39418,2197,54314,2720,14031,2443,29490,1853,19679,1945,45315,4252,35681,11062,29936,4710,19748,15527,32143,1506,20082,7940,22391,6832,19468,5611,51952,4670,11935,7853,35428,4044,29189,5915,16514,3351,17443,341,75,145,201,77,249,304,246,242,264,278,145,198,203,235,483,613,202,21,32,24,4,43,50,10,32,23,31,48,59,4,111,28,5,52,29,22,213,45,67
"hsa-miR-144-5p",61,94,28,73,40,61,153,94,2,45,20,40,66,106,47,85,1,18,20,69,14,68,8,30,33,22,97,126,21,61,73,40,10,30,28,44,93,74,2,38,25,66,19,87,8,74,96,146,32,48,8,126,10,33,67,82,13,77,13,28,29,37,22,51,337,59,178,274,25,944,1576,272,402,523,630,850,467,675,506,326,619,689,271,244,86,44,160,28,24,122,179,677,176,141,28,213,1473,86,64,36,76,2088,145,1783
"hsa-miR-1246",169,183,466,216,557,729,63,118,195,94,5612,299,703,199,13311,136,276,52,617,40,85,48,5078,69,156,108,290,101,863,157,4890,108,2081,198,235,28,16084,347,1497,700,2607,167,712,53,159,129,2026,51,11,164,709,125,2284,162,836,117,306,80,2483,120,117116,392,90,64,1,0,0,0,12,0,1,1,0,0,0,2,1,1,0,3,2,1,22,39,6,152,106,2,1044,3,36,4635,47,0,4,0,1,55,11,18,30,4,204,1711
"hsa-miR-326",481,1491,279,252,405,495,238,340,199,163,141,157,809,745,279,317,216,163,240,248,58,242,281,285,219,281,814,382,214,241,522,914,287,521,78,252,754,504,263,275,269,466,1144,372,250,297,358,386,100,437,707,424,240,210,416,377,399,719,441,225,761,213,70,263,94,0,3,59,10,37,38,45,34,20,46,45,26,37,56,72,27,27,19,17,13,5,3,8,4,17,31,43,48,56,33,40,16,48,27,18,35,42,40,40
"hsa-miR-151a-5p",54569,9588,26598,13011,31126,12773,29484,8646,17543,12181,54453,23032,11122,13084,46403,23556,13279,8055,53737,11331,121538,27497,34899,23441,35515,13306,59416,29720,63379,36122,20648,13419,66348,28737,29742,17793,10050,32598,39099,12146,58906,25646,7790,14639,52824,25317,31865,9447,37852,17716,84972,20783,46000,30341,46972,11029,33190,14235,28809,29388,36996,17338,58318,11602,7225,1384,2039,5149,1425,8312,10092,9949,6965,9525,9180,8889,7618,6506,7724,7337,2688,10660,10938,11658,5361,6727,1795,4637,3552,7145,14192,11624,9145,22357,21702,7407,4796,15668,9446,12422,11700,10376,23419,16818
"hsa-miR-28-5p",28438,17487,14466,12595,19003,15830,22807,12694,14086,10183,11896,21625,18352,22569,10522,17749,10274,10859,24958,17724,22098,25148,26242,19824,26463,15832,28656,21396,25619,25352,18363,16882,23655,22244,14698,16613,5826,16878,11829,8156,17055,21544,9883,17951,15402,18748,8939,13249,30851,15568,15703,24440,18093,21164,14728,14999,21281,22862,20022,25621,13507,13266,51246,15895,1467,1810,3479,1708,2547,1723,1541,1957,1547,1894,1352,1403,1792,1557,1609,1872,1034,1835,2195,1721,1694,4806,1482,2437,3616,1915,1155,1014,872,842,2054,1155,883,808,1553,1348,833,2339,1473,1629
"hsa-miR-2277-3p",127,52,67,25,42,50,67,19,26,21,68,17,94,83,84,49,58,35,47,12,85,76,68,16,50,30,105,45,113,38,71,31,103,35,57,27,54,42,100,8,53,28,32,40,175,38,77,8,64,25,67,37,51,47,26,22,83,64,36,32,101,20,220,25,2,1,0,3,0,1,0,0,0,0,0,0,0,0,0,0,0,0,0,2,0,1,0,1,2,1,1,5,1,1,0,1,0,2,0,1,0,0,3,8
"hsa-miR-429",2672,6520,2390,5805,5095,9974,7941,3581,35835,8044,4333,8869,613,2114,3924,6287,8353,1743,3054,4184,5300,4916,71431,7861,897,2953,2064,8643,3483,6883,9524,7251,1328,6244,5153,9959,19728,18939,5015,2471,35674,15350,11304,5730,2892,5344,831,4409,434,20886,28430,3601,3992,12631,6701,4693,24497,4815,3338,11026,8075,13651,570,3461,539,1235,204,217,564,853,272,272,590,135,645,444,195,527,620,155,251,146,137,113,141,87,196,93,435,99,68,177,711,235,2266,271,29,4,48,601,78,109,26,1
"hsa-miR-548ae-5p",1077,80,170,36,44,97,98,37,80,44,385,73,359,145,314,101,55,69,72,73,44,56,219,53,179,31,77,63,250,128,115,65,295,118,64,55,88,82,56,74,108,55,185,46,42,144,186,78,53,74,69,71,308,72,162,42,249,104,189,93,139,88,245,37,0,0,0,0,0,0,0,0,0,0,0,0,0,0,0,0,0,0,0,0,0,0,0,0,0,0,0,0,0,0,0,0,0,0,0,0,0,0,0,0
"hsa-miR-1271-5p",242,237,280,100,305,223,246,94,309,202,330,196,390,302,182,262,129,94,173,255,189,328,426,382,420,170,454,243,278,323,325,254,338,360,87,173,81,346,382,124,159,244,169,142,908,266,359,104,104,173,163,240,214,406,269,153,314,387,211,399,204,199,153,137,127,2,5,44,2,19,78,90,35,51,81,118,34,34,9,14,13,25,32,32,16,6,17,14,3,48,34,50,28,61,90,106,14,50,20,12,12,26,26,11
"hsa-miR-3120-3p",746,2139,1471,884,1493,1986,827,918,2881,1347,1751,1348,610,1540,863,1470,612,765,191,1060,120,985,1781,1373,829,782,1538,1241,344,1520,443,1494,372,2861,79,1137,584,2548,3630,1032,1763,2902,3337,1417,92,1501,178,874,80,1551,807,1192,652,2363,1678,1889,2272,3458,1569,2218,1841,2063,112,706,0,1,0,0,0,0,0,0,0,0,1,0,1,0,0,0,0,0,0,0,0,0,0,0,0,0,0,0,0,0,0,0,0,0,0,0,0,0,0,0
"hsa-miR-129-5p",7,11,1084,5,49,16,52,2,2037,43,2768,12,596,25,17,11,54,13,26,10,32,13,38,14,25,2,40,7,13,18,26,19,31,32,4,13,12,12,10,1,14,7,33,10,1012,11,7,26,29,12,12,44,43,15,19,3,17,13,46,74,103,7,61,4,0,0,0,0,0,0,0,0,0,0,1,6,0,3,0,0,2,0,1,0,0,0,1,0,0,0,0,0,1,0,0,3,0,0,13,0,0,0,1,0
"hsa-miR-548ad-5p",267,97,53,51,128,106,54,52,32,39,82,99,369,70,59,33,100,45,236,115,255,106,276,148,226,38,93,118,477,80,280,156,509,52,36,34,155,116,116,95,94,76,51,99,97,61,70,50,176,126,320,64,135,76,137,91,48,91,154,31,133,16,230,35,0,0,0,0,0,0,0,0,0,0,0,0,0,0,0,0,0,0,0,0,0,0,0,0,0,0,0,0,0,0,0,0,0,0,0,0,0,0,0,0
"hsa-miR-92b-5p",29,48,78,10,40,15,14,14,52,14,82,13,78,41,6,21,64,3,20,7,1,12,62,3,31,11,25,39,20,35,298,29,38,32,6,20,350,45,66,4,11,28,67,19,6,6,7,4,6,27,13,18,691,39,18,38,83,34,1309,28,85,17,9,15,2,0,1,1,5,1,0,1,1,1,1,0,1,0,0,1,0,0,1,0,0,2,1,1,52,0,0,0,0,26,1,3,0,0,0,0,9,0,1,0
"hsa-miR-320a",11421,24187,27634,13888,28088,12016,26258,7094,6875,6596,17195,15486,19515,19165,10582,12582,6046,5732,8208,5106,13642,10275,11355,8253,17384,8347,17491,18231,28367,15358,15454,9959,23935,20282,25875,14550,18727,19337,8162,7772,15807,17027,14413,14522,11177,17723,7121,6104,6743,12598,11425,19511,12690,13095,12434,11611,11353,13315,27987,19883,11083,7560,41068,8505,1477,2943,2664,1426,3877,1299,1614,1844,1487,1511,1256,1412,2220,2027,1738,1586,1850,1765,1719,1803,2005,2392,1863,2214,5364,1636,1315,2380,995,1806,1565,1119,2204,748,1062,1698,1492,2171,3895,2429
"hsa-miR-4524a-3p",79,132,119,53,21,84,138,63,19,65,3,121,46,152,13,98,11,52,89,27,376,84,41,68,548,123,223,140,87,173,9,54,21,67,224,113,24,92,28,101,59,120,33,104,201,129,33,220,144,123,11,195,1,146,27,47,40,222,11,147,20,68,318,71,2,0,6,5,2,6,13,7,5,11,9,6,1,0,2,9,5,11,2,2,6,3,2,1,0,0,0,10,0,7,0,6,2,0,2,0,8,6,1,1
"hsa-miR-339-5p",1446,1155,1661,229,411,440,900,489,357,272,1009,260,1488,715,536,314,319,214,2219,1690,101,59,2242,1218,310,121,129,113,1097,50,2078,1894,2028,1168,534,92,691,107,307,78,744,452,741,118,233,143,1102,719,73,278,226,305,276,70,355,318,2312,1679,994,337,743,149,3359,438,65,17,10,46,10,58,38,66,52,33,46,41,34,40,31,55,88,36,84,157,56,48,12,49,50,124,59,161,99,196,92,58,96,73,137,45,196,61,42,34
"hsa-miR-30c-2-3p",55,227,166,118,59,201,68,152,103,97,23,213,59,171,26,118,214,100,96,56,120,240,70,97,146,189,433,292,89,346,34,55,50,90,109,277,58,215,113,49,92,228,140,272,189,211,72,105,52,265,25,209,70,237,49,116,77,141,80,283,86,181,264,107,69,136,187,89,134,80,53,71,102,115,61,81,84,112,89,100,132,119,250,236,56,13,59,46,10,36,16,24,19,24,10,66,9,6,100,18,35,113,4,4
"hsa-miR-132-5p",874,423,3154,748,851,747,906,326,5306,508,1539,811,1595,643,1105,594,468,239,546,628,322,361,1203,498,1001,328,2352,828,1246,1202,608,898,3735,1123,666,465,902,1155,1101,650,845,1189,1881,394,2677,501,436,407,571,1342,1895,605,1422,1931,1267,1139,867,575,1454,948,1289,740,759,230,46,8,5,16,7,16,22,18,13,15,21,25,6,9,14,22,8,8,5,0,16,1,10,21,5,21,16,23,15,12,17,32,11,8,4,12,8,5,9,13
"hsa-miR-654-5p",141,88,42,76,141,117,543,42,204,57,700,201,40,246,8171,967,52,94,32,73,23,165,268,88,109,34,136,52,52,305,40,83,60,116,38,72,21,88,132,70,3394,91,314,59,13,66,221,30,36,97,122,69,119,88,356,197,159,88,242,276,161,94,45,99,3,5,4,10,7,1,11,2,3,3,9,4,4,1,4,12,2,1,1,2,0,0,4,6,11,3,161,2,5,2,170,9,2,39,4,185,4,0,6,1
"hsa-miR-3157-5p",98,50,24,25,28,56,68,30,17,41,24,86,30,68,55,60,43,35,49,36,59,119,63,37,128,51,137,70,19,99,10,25,200,33,93,32,15,77,26,58,60,65,26,31,60,116,20,48,145,46,49,80,32,81,34,27,62,87,25,104,66,40,68,40,1,0,1,1,2,1,0,2,0,0,0,0,1,0,2,3,0,0,3,0,0,0,1,1,0,1,3,0,0,0,0,0,0,2,2,0,1,0,1,0
"hsa-miR-6803-3p",27,28,52,14,29,13,20,21,8,14,25,13,17,22,22,12,11,11,20,10,17,12,16,6,24,17,36,30,49,13,33,24,33,11,34,12,51,27,7,4,31,24,17,17,27,20,22,16,14,14,17,15,13,10,16,10,37,33,35,16,20,8,37,10,1,1,0,1,0,0,0,0,0,0,1,0,0,0,0,0,2,0,1,0,0,0,1,0,0,0,0,0,0,0,0,0,0,0,0,1,0,0,0,0
"hsa-miR-133a-3p",568,1444,746,186,530,496,149,351,439,633,336,293,312,494,232,521,170,128,35,192,67,164,540,227,401,137,918,296,162,250,93,376,25,1679,57,150,796,863,61,223,474,407,716,132,124,814,31,233,35,257,77,282,373,506,566,425,340,1279,566,303,298,204,56,92,189,213,124,78,69,84,101,181,35,111,106,179,28,71,21,66,74,76,12,9,14,4,80,84,2,45,22,5,24,11,22,173,9,2,5,19,28,30,8,8
"hsa-miR-224-3p",20,9,76,14,34,15,8,2,14,12,6,6,3,10,8,17,5,13,45,3,101,1,16,9,43,4,83,22,163,20,25,3,8,9,7,22,73,18,11,0,26,4,14,23,8,30,11,15,60,31,33,11,16,14,37,5,25,9,21,17,15,19,150,9,20,21,14,7,10,19,4,18,15,3,7,10,1,12,9,5,13,15,43,61,38,116,12,11,0,15,1,0,6,0,0,13,34,3,33,9,123,10,10,10
"hsa-miR-652-3p",32954,16574,30884,14591,35266,15613,18953,9118,21296,13332,28964,12234,20638,17752,28459,16652,33322,7418,24841,9154,20662,15362,30313,12637,23868,8232,51939,15596,79216,24272,21443,20245,87216,25235,8479,14508,23999,21923,38594,12539,18908,18067,25893,12226,34465,16095,30291,4761,5006,16854,48459,13017,56314,19878,31365,16197,26214,20024,59743,25447,22109,15688,152087,11384,144,159,72,86,193,97,105,136,60,51,67,97,86,106,120,105,251,57,131,78,81,444,111,112,276,85,85,428,86,176,50,113,87,399,88,173,353,121,137,245
"hsa-miR-345-5p",11686,5146,10153,3563,8214,4221,3725,1372,1667,2307,1483,2293,2130,7580,7842,3894,2454,2662,4114,2411,9868,5425,5208,2782,6435,2436,7712,3972,10691,4902,1359,3511,2058,2597,4021,3484,899,3621,8478,3069,10905,4679,2142,5227,11599,6301,12537,3309,19550,2713,3172,5171,1796,3623,3096,2952,8942,5050,2099,5473,1682,2119,7648,2778,745,245,206,441,201,695,724,580,669,417,527,567,608,394,619,556,326,440,1427,1633,1613,214,182,286,566,2287,872,202,2251,485,579,503,766,1140,426,1035,216,759,2545,1120
"hsa-miR-99b-5p",45889,29848,43699,22248,89378,47893,55326,16605,46851,30287,102896,48429,47368,42811,157651,49481,93122,16072,63331,37079,20160,38242,169985,38059,57726,28036,95020,38253,22150,58820,41317,41616,47457,76927,8737,25124,24280,80881,109937,15554,44174,52180,70724,19286,20683,25687,11621,17806,16200,31680,101823,21653,150368,48611,58203,48747,91794,57860,191863,91062,59566,42195,23045,27883,29489,20876,10389,12208,14667,14223,24017,25670,9943,10282,24121,30446,7020,12680,10337,8705,11546,9958,8084,9766,7817,3047,16768,14910,1735,14942,11055,16309,56978,16183,36866,32751,6188,19787,9706,10463,7491,4647,16548,7598
"hsa-miR-382-5p",230,390,324,81,245,188,405,75,914,129,789,180,249,444,10088,1612,122,192,109,370,26,132,648,144,161,83,185,64,87,218,116,219,75,213,67,106,54,125,186,102,4588,170,832,134,268,105,391,215,36,219,222,153,245,82,465,433,198,146,442,167,359,135,114,85,21,5,4,16,7,14,25,7,3,6,13,13,11,13,12,16,8,2,1,0,6,0,8,5,3,7,152,2,18,4,279,47,2,100,8,247,12,6,7,8
"hsa-miR-130b-3p",197,140,177,52,92,106,363,65,67,40,694,38,262,236,192,89,107,88,201,93,143,77,123,58,160,109,239,199,376,89,237,172,235,73,890,87,285,141,116,38,89,167,199,206,119,62,621,285,96,96,409,196,172,37,97,85,115,108,213,57,208,106,326,72,167,301,310,271,533,168,242,605,244,225,231,180,417,200,244,237,193,181,395,424,529,4419,447,937,3233,309,472,1093,1979,642,417,242,274,573,369,662,1465,516,4019,2011
"hsa-miR-98-5p",4645,7223,27355,6471,23381,8011,12928,4886,15182,4466,16679,9197,10038,8894,27343,6137,13055,4568,31805,5568,8851,6037,16750,6564,8079,4073,26287,7670,34839,11203,7779,5919,13682,7038,4537,8776,10518,7582,16644,4930,29850,7559,20745,9155,28073,8116,55818,4596,11639,10313,12066,4857,17047,6952,6045,6656,19145,5215,20119,9019,6584,6066,4138,4674,3126,2377,1788,4366,2070,3704,2970,4011,4054,4155,3100,3523,3088,2707,3679,2914,3210,4751,3265,3305,6851,1907,3557,6538,330,6259,1725,3633,3476,28291,18463,5748,6659,2634,2510,9649,25670,4625,2029,1929
"hsa-miR-642a-5p",114,68,18,49,57,50,28,25,61,18,166,25,350,28,28,15,205,18,21,25,10,23,56,28,44,25,52,32,185,67,162,45,161,89,15,50,621,79,63,6,38,102,244,31,11,24,61,23,9,54,29,64,83,39,18,30,139,99,172,43,122,40,13,21,0,0,0,0,0,1,3,0,0,0,0,0,0,0,1,0,0,0,0,2,0,0,0,0,0,0,1,0,2,0,0,0,0,2,2,1,0,0,8,8
"hsa-miR-138-5p",724,2135,19185,624,1183,1824,674,316,25428,2559,707,1509,8653,368,328,1217,306,391,318,658,304,709,1405,1303,276,362,506,746,320,1390,523,1327,612,786,14,613,7180,2264,446,736,910,2433,3649,625,13113,1000,286,609,383,1491,266,1080,353,1380,2965,594,4704,940,264,2344,1303,2300,894,447,28,38,5,25,23,33,16,20,17,12,28,16,9,17,31,5,8,18,3,0,0,5,13,5,183,2,1,0,10,3,5,43,0,2,4,7,0,8,4,0
"hsa-miR-574-3p",10449,6546,12712,8184,14983,16349,17055,6740,10740,11570,5174,12946,7870,14808,20293,10934,14601,12046,24734,5841,32649,22281,17439,15586,19836,15412,23104,23309,17769,17492,12201,9246,18895,13447,11498,16869,2086,24875,6394,4373,13458,17593,3580,15476,13949,8281,12390,9515,37870,7052,16765,17466,17602,18356,16653,9255,21228,15969,15765,39009,14057,11661,19393,17581,680,666,1073,676,755,595,650,612,590,631,709,612,739,563,804,711,1194,672,1245,925,596,2258,621,911,881,746,485,1192,627,889,733,720,439,708,1059,1154,1378,771,797,1039
"hsa-miR-574-5p",4229,1836,1892,1404,3885,1634,5025,2050,1637,1319,3895,3363,5532,1349,4530,2217,2670,607,8164,553,5058,1605,2624,1661,4920,1085,2126,3917,4611,2987,5522,1095,3544,2112,2010,1818,5818,2492,2116,777,7357,5434,3924,2271,2162,2255,7718,3403,1065,1862,22790,4301,2982,733,5201,1112,2128,528,5892,1654,16681,3319,7666,566,117,25,27,208,46,118,90,141,73,83,108,111,134,106,136,109,182,157,418,345,110,218,25,122,99,143,187,248,473,731,548,187,157,674,245,814,876,149,785,585
"hsa-miR-30e-5p",14169,22693,18641,7437,6428,8464,7015,6700,2461,2326,3214,5461,8808,9540,2274,4774,853,2407,4643,6824,5525,6384,3517,5099,7592,6455,7989,8475,5296,4608,7467,9034,7597,7200,15333,9277,5606,7421,2291,3604,4341,7772,7592,11073,4395,5349,4118,13911,5439,5261,1784,11045,3629,3271,2333,4142,5825,12988,4378,5045,4313,4490,7739,6047,9727,3016,3068,11892,1918,24444,16189,11407,26875,22166,16080,17330,21865,18005,14791,22766,17100,17944,15308,19663,9997,4334,1670,2072,3906,19191,21880,9893,12565,16519,9167,9419,21707,9818,22509,9014,16092,18161,18067,18719
"hsa-miR-142-3p",6290,8744,7478,5943,8868,5767,5217,4277,2742,1922,10680,3774,3858,5745,2227,4393,1745,1679,1363,6652,822,4567,5248,4861,3216,2330,10821,6523,3357,4531,5494,18974,20146,10254,3292,5578,3854,11232,2566,1646,4316,7316,10009,7434,1291,2689,2537,10749,709,4064,2470,8287,4697,2593,5453,5071,28203,7996,5932,3570,8072,4957,2494,2445,720,220,56,520,146,1052,560,776,1290,478,778,636,351,527,428,329,345,438,187,155,162,30,195,96,20,672,458,647,929,91,252,715,290,419,262,297,110,307,191,226
"hsa-miR-31-3p",31,40,156,10,143,47,13,22,4094,146,73,39,93,26,66,54,4442,35,127,34,10,41,87,39,20,21,60,81,864,29,2471,62,862,183,11,29,28800,493,62,24,38,89,112,30,56,34,6,29,6,133,7,17,2844,319,69,38,123,135,2516,162,106,51,2198,29,0,0,0,1,0,0,0,0,0,0,1,0,0,0,0,0,0,0,0,0,0,0,0,0,4,3,0,0,0,0,0,1,0,0,1,0,0,0,1,0
"hsa-miR-196a-5p",3773,45,38,75,240,63,20,28,178,99,270,61,3593,51,24,33,375,53,27,73,7,121,238,63,42,40,755,39,44,30,353,124,2783,101,24,117,869,104,1584,45,24,29,343,236,32,52,60,124,35,136,54,120,490,66,690,51,15705,59,508,89,81,75,5,14,3,7,2,7,15,3,5,5,5,9,0,0,0,4,4,1,0,7,2,0,0,1,0,3,1463,3,3,0,3,0,0,3,3,6,10,0,0,0,0,0
"hsa-miR-330-3p",287,177,280,115,198,132,173,61,317,113,988,68,166,179,129,143,343,89,208,138,89,84,426,156,132,59,135,107,227,120,217,206,431,214,77,90,183,165,373,73,150,137,273,100,115,95,118,75,36,116,126,134,352,102,284,159,246,195,575,118,213,96,93,85,20,15,15,10,28,11,8,19,9,4,13,13,4,10,14,7,16,12,5,12,8,69,10,30,68,19,12,11,21,16,10,22,4,12,11,11,23,10,9,16
"hsa-miR-23b-3p",68968,102097,117541,67931,80360,124543,162499,90188,122483,66525,147647,115608,42101,120592,170833,97556,61704,74207,88709,59826,171747,134242,95234,69481,88726,114031,105073,199306,160708,148416,57582,59794,35936,90218,163715,117927,54103,165913,36426,67019,120221,156657,45827,122039,150630,152558,95477,80698,227650,143251,86257,125898,56861,133822,78939,63774,92841,89230,64882,150631,76949,102332,164499,84608,7387,11134,9094,9063,10338,5102,3052,7446,8534,9580,2794,4630,6607,7105,8394,11198,9624,6066,5318,3917,2967,1787,9722,5415,4468,1369,981,7016,2379,3556,1307,6272,4868,895,7434,2943,5711,8564,4553,5833
"hsa-miR-98-3p",25,43,198,19,62,39,43,26,34,12,70,21,44,25,147,27,40,19,120,16,17,28,46,13,23,20,131,59,161,18,67,36,61,46,38,34,82,35,75,15,92,27,55,61,60,31,243,31,20,34,46,31,28,12,20,23,33,21,63,30,45,17,22,29,29,42,66,28,51,22,27,40,30,34,19,25,31,36,25,29,52,43,21,27,139,22,50,56,9,48,9,34,22,96,76,31,41,9,25,43,138,16,9,8
"hsa-miR-590-3p",5068,1476,2582,1628,1786,1897,2115,1926,1877,1727,3443,1644,2469,1677,3408,2311,1304,1008,3420,2457,2610,3991,3447,2053,3154,1481,5886,2412,2350,3133,1170,1300,4355,711,1852,1890,1646,2165,2250,1170,1500,1698,1551,2026,3435,3074,1653,1747,2490,1793,1887,1691,2994,1667,2481,1287,5067,2321,4225,2517,2222,1415,3543,1539,46,66,67,32,38,124,57,34,85,44,52,67,59,55,35,59,77,50,62,91,101,125,52,38,119,95,88,79,91,136,104,59,46,60,108,37,76,46,54,35
"hsa-miR-1537-3p",193,99,266,78,139,105,115,69,282,97,172,80,125,129,91,122,111,86,97,199,62,87,310,73,125,54,337,92,282,97,87,257,231,124,153,65,192,162,230,94,122,117,245,77,179,76,63,103,178,156,93,119,334,109,99,105,152,164,257,175,176,53,192,50,1,0,0,0,0,0,0,0,0,3,0,0,0,0,0,1,0,0,0,0,1,0,1,0,0,2,2,4,0,0,0,0,0,0,0,0,0,1,0,0
"hsa-miR-369-5p",1427,1407,2603,943,1762,1726,3749,889,7092,946,5592,1941,1324,2341,49068,4583,620,1131,457,2240,254,1666,3589,1353,1598,1199,2999,1095,700,4414,643,1644,606,2169,486,1263,605,1786,1074,1315,26305,1707,7729,1163,1892,1057,2352,1257,627,2770,1916,974,2122,1715,2544,3143,1972,1213,2550,2374,2349,1700,509,965,44,36,30,14,43,17,77,19,37,29,52,40,26,20,16,20,11,22,1,2,17,3,29,37,24,23,413,2,39,5,650,86,6,71,14,392,13,9,22,19
"hsa-miR-4532",169,295,548,198,1047,947,79,233,774,1685,439,468,195,981,533,609,86,183,198,141,262,416,388,191,193,353,815,808,69,263,222,260,143,853,46,207,572,808,197,329,467,605,410,229,87,815,436,83,104,314,85,144,340,1296,170,388,681,1318,333,194,697,292,61,490,1,1,0,3,5,0,0,1,0,2,0,0,6,0,0,0,2,1,1,0,0,0,0,0,0,0,2,4,1,0,0,3,0,0,1,0,0,1,18,16
"hsa-miR-203a-3p",3046,1797,477,1120,3615,3271,2349,1427,7150,1403,794,1967,5930,2909,243,1718,904,1041,87,1741,796,2279,643,1671,830,1636,3462,3172,490,3189,52,1397,354,993,48,2346,345,3015,730,1120,1840,2248,1318,2314,12013,1914,1623,1755,944,2438,345,1450,17971,1150,2544,1932,2746,1351,16196,1679,941,1916,56,1150,0,0,0,0,0,0,0,0,0,0,0,0,0,0,0,0,0,0,0,0,0,0,0,0,0,0,0,0,0,0,0,0,0,0,0,0,0,0,0,0
"hsa-miR-378a-5p",739,3113,746,1887,496,2168,1267,1539,227,810,228,2237,724,3917,849,2456,929,1409,737,1461,3882,4479,526,1383,1829,2581,1064,2880,3270,3138,269,1104,1243,1086,1715,3299,423,1193,1121,715,701,3016,654,2368,1356,3067,1109,1931,2636,1657,872,3585,428,2148,472,939,611,3264,614,3986,579,1515,1050,2555,32,52,39,50,43,79,138,44,160,132,69,122,109,201,135,146,163,136,6,14,23,30,29,27,25,48,67,114,35,22,7,58,32,73,107,23,41,140,57,44
"hsa-miR-758-3p",45,56,42,16,54,76,113,24,60,21,254,41,14,113,3742,618,25,64,7,64,6,73,65,23,49,38,71,36,18,160,20,57,13,58,24,42,24,56,36,39,1162,72,122,55,14,49,202,69,19,65,35,63,54,47,69,83,57,71,56,67,101,57,2,44,31,28,26,8,23,8,58,7,13,8,23,16,11,10,7,12,2,7,1,4,3,1,19,20,45,2,532,1,19,2,328,23,4,51,4,103,0,12,22,11
"hsa-miR-5001-3p",37,9,47,19,74,16,45,5,19,15,164,12,5,18,120,24,23,17,85,15,16,20,66,12,39,4,107,24,32,20,17,39,212,28,19,13,17,28,119,6,63,12,30,21,29,20,24,18,28,23,126,18,56,21,52,20,62,8,40,30,56,17,20,7,2,1,0,1,0,1,4,1,1,1,1,0,3,0,0,0,5,0,2,0,0,2,2,1,3,1,0,2,4,0,3,1,0,1,0,0,2,1,1,1
"hsa-miR-150-3p",43,69,11,43,75,51,24,22,10,14,22,22,8,38,9,30,3,9,9,35,3,43,56,55,14,11,60,51,6,58,22,67,52,101,7,54,10,75,9,8,40,74,76,44,13,27,13,21,1,42,8,21,10,27,18,26,231,84,22,57,32,28,5,14,18,17,17,7,15,4,5,21,11,6,7,4,4,11,18,11,11,7,1,0,0,0,19,9,0,1,4,0,8,0,0,5,0,6,10,7,1,1,0,0
"hsa-miR-1273c",112,16,18,14,10,20,23,9,10,11,17,24,11,28,26,16,22,16,11,14,26,25,29,13,27,14,47,21,28,24,8,11,27,19,7,15,3,17,10,5,15,25,14,18,7,21,17,10,33,15,10,21,9,16,16,18,21,31,30,39,22,13,54,17,0,0,0,0,0,0,0,0,0,0,0,0,0,0,0,0,0,0,0,0,0,0,1,0,0,0,0,0,0,0,0,0,0,0,0,0,0,0,2,0
"hsa-miR-424-5p",8733,9291,7476,9746,13467,16152,15262,10240,10036,9613,21886,12155,6169,11198,10502,20419,2978,6152,3533,25599,3939,13306,15672,16167,13507,6944,22526,16079,7886,32984,2125,12791,13193,21084,4328,9681,2348,25830,7351,9970,14574,23895,15101,13655,3286,14377,3087,28332,3533,22331,6915,18751,11521,31435,11111,16978,9902,14826,9823,18032,17024,16184,6221,11727,911,1109,887,563,848,798,855,349,847,580,796,637,303,427,362,743,843,402,107,56,195,111,697,288,179,275,347,270,258,55,193,701,140,268,153,192,64,277,114,166
"hsa-miR-204-5p",2788,1733,4833,4373,5161,4991,18838,2433,2738,2844,52381,9105,1880,6951,2709,3239,769,2026,4748,3389,117822,4801,1631,3087,8965,3352,19749,6565,3533,8280,883,1477,2765,3929,108069,5652,195,10954,985,2681,4292,7756,1675,3546,3503,4232,2083,3884,30720,1795,1894,4361,6956,15545,3147,5143,2120,6417,5723,16756,4646,5256,7040,1999,1172,271,509,297,366,245,720,579,544,714,488,695,631,1055,572,628,1178,831,262,172,123,55,237,169,1861,90,119,242,319,227,163,679,996,152,935,286,269,554,1142,548
"hsa-miR-1296-5p",470,619,1708,399,154,445,452,274,81,243,1196,747,300,365,1450,621,704,199,586,44,560,942,697,170,501,558,1967,1014,221,945,265,145,461,484,378,478,208,762,505,119,593,543,189,638,463,203,1586,148,548,83,384,371,147,603,348,181,821,888,205,785,445,107,491,452,34,18,77,50,28,8,22,17,37,19,21,22,9,27,15,33,71,37,111,118,41,62,55,66,324,18,66,47,34,11,26,33,9,47,47,21,55,46,87,46
"hsa-miR-625-5p",818,913,1025,583,820,705,746,500,1393,736,2218,670,634,829,602,657,2753,529,651,481,179,538,1212,555,417,461,1845,962,899,1062,1648,718,1055,507,148,561,9122,1624,1187,568,549,997,1991,770,661,797,238,496,214,1765,685,1037,1237,1453,764,935,1086,662,1373,922,706,731,486,246,18,18,18,12,20,17,16,18,15,4,9,16,3,13,14,11,74,4,2,9,20,9,18,21,52,10,18,21,11,2,6,17,2,5,2,7,121,14,5,5
"hsa-miR-378c",35,159,50,89,38,114,84,66,33,49,27,186,46,283,25,96,54,139,34,125,236,195,36,86,158,151,73,171,147,160,15,91,131,57,105,177,27,86,85,115,41,148,66,171,214,237,37,168,168,146,40,253,33,165,29,57,40,269,37,302,29,74,56,93,86,282,390,120,281,357,324,208,594,356,316,280,621,511,406,415,448,445,56,39,133,217,138,82,59,144,123,186,127,87,27,103,126,331,175,109,146,527,88,116
"hsa-miR-376a-3p",2038,1601,1463,885,1846,1477,3770,676,3275,1183,8151,2971,617,3742,171492,17040,723,1535,391,1990,177,1388,3255,1242,1019,613,1761,1087,708,2993,649,1326,333,1112,525,1003,619,1760,1413,1385,31005,1446,5227,1109,382,1150,5671,1058,407,2729,1700,1108,2021,1829,4140,3373,1384,1199,2577,2036,1978,1714,229,872,43,41,29,3,51,9,22,14,15,14,17,14,14,21,14,29,13,14,1,4,8,1,18,15,7,7,126,2,7,1,173,17,2,44,2,198,6,4,7,2
"hsa-miR-362-3p",246,250,517,49,132,93,197,67,36,18,81,29,509,108,52,86,20,33,68,51,39,53,72,27,135,29,121,76,259,43,156,200,287,150,396,50,330,92,109,18,155,127,288,77,149,45,277,182,47,76,68,100,67,66,53,59,131,106,115,79,231,51,264,39,12,18,15,7,2,11,6,8,7,17,3,4,4,10,7,9,5,5,9,4,21,36,13,6,5,13,6,14,4,12,11,5,11,11,10,9,6,8,3,2
"hsa-miR-1275",378,103,17,65,51,112,45,70,8,37,65,158,41,86,33,53,14,38,32,35,74,206,18,37,68,91,116,117,14,256,37,30,145,42,74,119,12,83,6,9,127,101,39,162,126,30,49,31,61,52,52,240,28,79,74,54,80,114,75,213,106,38,322,131,1,0,0,0,0,1,0,0,0,1,0,1,1,0,0,1,0,2,0,0,0,0,0,0,0,0,0,0,1,0,4,0,0,2,2,0,0,0,5,5
"hsa-miR-7704",138,380,21,207,103,1028,46,694,13,354,7,1061,207,1258,71,390,403,473,266,46,107,2223,46,244,23,680,276,1043,12,611,183,230,18,192,16,989,197,672,83,72,64,418,118,798,14,861,242,235,203,547,163,966,110,683,87,283,292,1877,288,767,467,405,162,1026,7,1,5,0,2,4,11,1,11,2,11,17,33,13,30,5,5,8,3,4,0,11,3,0,11,7,16,2,2,0,0,4,2,6,21,8,4,4,5,23
"hsa-miR-589-3p",145,8,36,16,25,25,27,14,17,13,127,16,20,28,58,22,56,13,62,12,53,14,47,14,51,9,90,20,213,34,60,22,72,27,38,24,60,32,115,10,25,35,29,21,128,33,39,13,14,14,41,28,77,17,31,17,35,21,55,20,89,24,75,9,5,2,2,7,10,6,4,2,0,0,1,4,6,2,1,5,2,0,1,9,25,42,3,12,174,25,6,29,14,17,7,5,6,13,16,7,17,2,16,2
"hsa-miR-548ap-3p",343,81,128,62,77,41,20,91,48,68,121,20,286,33,47,98,72,20,513,72,57,110,105,52,83,75,290,134,52,16,168,18,673,53,204,97,66,96,69,17,15,58,24,59,117,89,35,93,92,111,51,56,75,79,57,70,47,62,341,50,32,35,84,67,0,0,0,0,0,0,0,0,0,0,0,0,0,0,0,0,0,0,0,0,1,1,0,0,0,0,0,0,0,0,0,0,0,0,0,0,0,0,0,0
"hsa-miR-3065-3p",14,21,104,58,65,154,25,57,143,210,220,192,174,43,76,128,60,88,10,46,61,167,164,108,5,46,78,132,187,50,12,152,27,57,109,108,101,77,46,9,86,43,76,87,11,64,102,143,75,181,8,189,48,36,7,78,192,161,20,194,104,26,12,60,9,32,10,34,23,27,15,13,30,22,23,30,28,32,21,14,13,29,4,2,2,25,6,31,35,7,10,8,7,29,29,6,4,3,11,27,47,34,0,1
"hsa-miR-199b-5p",154,602,1946,79,526,404,82,51,9788,723,1390,165,163,153,643,433,291,89,60,340,10,46,2102,147,182,107,77,210,182,179,499,679,79,831,11,48,511,547,2056,262,167,163,5894,82,5,103,25,347,38,695,247,46,449,395,1012,767,1976,778,644,147,904,97,54,39,572,36,3,147,12,190,125,243,102,149,189,362,19,95,100,27,143,95,44,199,288,1,45,48,4,492,330,229,651,53,392,2608,16,3,11,315,176,88,89,41
"hsa-miR-143-5p",68,77,24,8,22,32,9,23,22,29,3,8,86,42,19,49,38,15,17,96,1,14,31,15,10,13,22,16,9,5,48,146,7,119,9,6,50,42,11,3,17,30,117,11,1,20,12,31,4,25,11,15,30,31,49,46,109,262,87,10,34,14,9,12,93,9,10,46,5,37,34,55,22,11,28,66,8,14,13,20,47,22,11,22,14,3,12,21,1,49,43,10,31,25,39,106,25,8,17,20,30,6,11,10
"hsa-miR-30e-3p",5884,8945,5755,7595,4919,6605,4847,6544,4625,3226,2676,8239,5933,6126,2271,4278,1858,3938,3781,4464,3956,9108,5613,6241,7285,7450,6999,6121,3687,9396,2481,3818,3803,3679,5186,8864,3659,4103,3484,2993,3163,7920,5555,5737,3448,5434,3099,9791,6455,5736,2374,6835,3100,5406,1696,4120,3396,6881,4493,8319,3979,7227,3378,4780,1586,835,1552,2313,827,2363,2540,458,3163,1067,1691,2724,3131,3087,3082,3572,2848,986,662,806,929,773,570,573,724,1648,1937,314,1196,285,565,1698,1954,1319,4066,978,2067,996,600,530
"hsa-miR-450b-5p",33,40,23,45,55,80,58,36,32,16,205,31,15,39,37,78,7,16,5,66,6,73,44,32,32,21,28,19,30,106,3,26,19,34,10,32,9,39,26,15,35,52,63,43,8,58,7,95,9,38,18,53,36,56,44,70,39,56,47,61,51,25,13,41,491,681,676,292,446,333,543,166,427,315,429,380,227,288,206,263,138,254,68,83,120,163,496,298,291,171,204,142,535,93,220,417,73,217,137,131,60,190,173,373
"hsa-miR-5690",60,21,54,16,8,17,28,14,7,9,31,14,93,31,9,22,14,10,56,26,5,20,23,19,37,10,160,28,108,14,16,40,71,16,22,32,12,25,10,8,17,24,9,26,29,13,12,17,14,12,5,30,17,20,22,13,36,17,20,16,28,8,38,14,5,5,7,17,7,19,7,29,7,20,15,6,14,7,3,11,5,11,22,24,13,24,13,18,12,18,12,24,8,31,9,5,11,5,5,4,4,22,27,17
"hsa-miR-493-3p",500,517,431,237,608,382,830,109,693,187,1889,582,217,1177,22845,1912,187,245,66,398,53,134,712,226,335,110,594,165,85,543,111,322,102,375,124,225,187,341,296,287,10506,345,2359,204,20,163,1014,223,94,281,418,243,284,267,519,760,289,166,610,352,829,483,34,75,69,14,3,14,12,22,170,39,20,41,50,24,28,19,24,22,30,18,1,7,10,0,5,15,12,19,1371,23,32,4,965,90,8,156,10,922,10,18,37,58
"hsa-miR-455-5p",3588,5504,9453,3346,3712,6566,5621,3047,2000,2313,3195,5908,3802,5383,9299,5193,1618,3287,2451,3410,9662,7405,2664,3304,4809,5358,3591,4525,7566,8540,5425,2619,2420,3378,9402,4224,1739,6733,2585,3731,5682,8229,1982,5608,7203,6812,11120,5352,11393,6015,5022,6962,2885,8954,2501,2895,7726,6815,2352,9244,2533,4726,7861,3833,307,734,913,324,502,669,512,299,682,736,483,581,742,609,421,494,514,667,1653,1716,537,387,427,267,228,293,276,203,602,393,488,198,722,360,288,662,233,547,480,287
"hsa-miR-32-5p",3891,1604,3874,1129,4201,1338,1749,1199,535,884,3364,1095,1069,637,5066,2522,404,447,1182,1547,3967,2347,1094,1547,1754,1059,2471,2343,4260,1603,2202,2086,4854,2032,9237,1635,775,1963,1014,915,1976,1481,1288,1284,2066,1863,3718,1925,3912,2556,4374,1826,2099,1489,1437,1231,3132,1348,1657,1291,2529,1184,6328,1325,265,394,273,150,304,575,225,314,384,244,307,201,231,218,172,187,232,184,194,152,256,297,271,165,122,222,122,184,422,246,281,192,223,105,51,269,169,275,148,189
"hsa-miR-125b-2-3p",203,896,140,870,556,678,961,559,156,431,260,620,40,742,84,445,108,457,163,447,636,651,416,643,1201,595,471,581,115,822,195,406,1265,694,243,878,102,534,621,325,347,739,443,741,349,623,117,387,593,568,336,657,241,588,262,574,224,762,330,769,447,651,24,690,1089,2062,3294,1288,1961,1338,1737,1543,1568,2464,1291,1530,2417,1901,2206,2317,1003,2551,1344,1647,279,796,838,476,273,582,2216,351,921,130,99,823,955,924,1862,1395,856,2519,2508,950
"hsa-miR-1306-5p",108,49,337,20,66,47,105,33,36,32,428,33,20,60,192,57,40,21,111,13,81,43,123,28,70,28,218,65,153,28,57,13,153,33,91,35,95,72,90,8,98,50,61,52,93,31,94,33,52,20,319,90,39,22,97,38,69,57,112,63,80,28,168,30,2,2,0,3,0,0,1,3,3,1,0,1,0,4,1,5,0,1,3,2,1,8,1,4,16,8,2,4,6,4,4,2,11,3,11,4,9,0,16,5
"hsa-miR-200a-5p",109,238,105,234,214,402,311,113,1420,397,178,314,57,106,161,350,361,84,85,129,224,239,2055,307,128,163,69,392,135,378,910,505,68,572,182,407,641,701,440,203,818,666,380,192,199,359,19,152,15,720,951,174,157,516,176,218,1110,228,158,553,426,609,59,268,40,72,15,16,33,56,6,24,24,9,30,27,13,29,43,16,11,11,65,61,6,5,6,11,45,6,12,24,52,16,110,20,2,0,7,42,11,20,3,2
"hsa-miR-4662a-5p",241,200,308,153,213,319,266,158,37,140,87,464,81,255,220,156,70,136,124,97,1636,288,163,151,193,308,229,289,441,424,30,149,181,79,600,186,161,220,115,259,375,440,31,149,97,349,97,284,760,226,48,157,126,516,220,159,113,346,82,623,79,117,340,127,64,134,532,98,121,155,175,83,217,231,177,120,84,109,131,244,55,148,58,66,63,258,46,54,13,63,118,13,34,38,46,46,39,36,72,43,14,108,149,74
"hsa-miR-548aw",20,26,21,7,25,15,16,17,30,16,5,22,36,12,8,9,13,7,9,19,20,19,29,12,15,21,30,9,18,16,29,26,14,35,25,14,20,26,17,11,24,33,32,9,8,17,8,23,23,21,11,11,6,26,15,15,16,45,16,20,22,15,7,10,0,0,0,0,0,0,0,0,0,0,0,0,0,0,0,0,0,0,0,0,0,0,0,0,0,0,0,0,0,0,0,0,0,0,1,0,0,0,0,0
"hsa-miR-331-5p",59,41,71,27,23,34,20,25,6,7,11,7,28,23,30,12,29,12,36,8,14,12,44,6,14,18,18,37,50,13,62,7,15,12,29,18,27,18,42,12,43,36,44,21,6,27,66,13,6,13,14,27,17,13,18,14,28,10,40,8,49,13,18,9,11,14,8,12,5,6,6,8,3,12,11,12,4,5,11,3,11,8,21,29,7,47,16,23,30,16,30,34,12,26,27,14,57,32,16,50,27,6,20,22
"hsa-miR-423-5p",7859,250,1189,54,4718,5216,4868,47,230,38,487,675,1737,7021,23,87,29,211,4940,34,7690,7516,484,1502,81,2626,8943,7476,8573,8482,89,2966,2033,4555,4424,942,8549,109,235,800,885,864,855,8937,1894,2780,2337,1774,4690,468,280,7595,3023,521,3321,2524,6412,3972,6102,70,5708,29,21919,3647,1470,914,1709,2221,2320,764,1284,1754,605,698,1066,940,1411,1236,2039,1568,622,1138,2314,1433,1803,5944,1222,4250,2531,825,1674,1910,831,2184,1935,1020,1001,2843,2031,2305,2939,2092,2654,3335
"hsa-miR-411-5p",2997,3217,3878,2015,3785,4660,7467,2356,10471,2832,11950,5674,1855,5099,131835,15544,1192,2677,1381,6397,539,5751,6955,4879,3264,3677,5492,3692,1588,13155,1555,3908,1515,5561,823,2799,1668,6616,1312,2666,24427,2770,13310,2588,2524,4258,4580,2536,1366,9348,3869,2517,4173,6041,5416,7849,4235,4492,4699,7353,4670,4635,728,2741,1619,1916,2524,1166,2304,823,2794,1319,1027,1387,1780,1241,1605,1228,1225,2018,954,1284,147,379,340,109,1506,1281,1318,462,15035,335,963,360,18464,2225,317,5595,506,13634,404,872,1246,796
"hsa-miR-490-5p",83,152,5,70,93,315,23,111,93,176,1,135,50,139,39,471,22,87,1,101,0,319,13,106,22,246,67,177,0,319,8,138,0,282,0,141,12,292,7,86,21,185,211,147,19,1690,3,50,12,385,33,88,15,660,4,215,14,358,13,139,38,193,1,105,8,0,0,0,0,0,5,0,1,3,0,1,0,1,4,0,5,0,0,0,0,0,0,0,0,0,0,0,0,0,0,1,0,0,0,0,0,0,0,0
"hsa-miR-26a-1-3p",67,36,43,47,43,45,41,23,25,20,28,34,30,44,35,36,7,20,50,17,56,72,38,26,75,35,51,42,52,101,56,24,22,42,88,36,12,22,8,13,33,68,22,43,49,44,56,56,73,33,8,45,33,70,22,20,36,44,19,87,44,43,68,30,5,0,0,5,0,4,5,2,1,3,7,4,8,5,2,11,16,1,9,4,2,0,0,0,0,2,11,0,5,2,7,4,3,10,5,3,0,1,11,20
"hsa-miR-219a-5p",115,115,430,46,75,63,168,44,430,41,68,50,427,165,94,67,38,68,80,85,236,100,54,27,93,86,111,77,84,39,54,51,145,20,256,39,190,68,50,39,102,51,72,66,613,104,78,206,414,89,56,87,34,48,20,39,67,120,23,47,48,31,105,35,1,4,0,1,0,0,0,0,0,1,0,1,1,0,0,1,0,0,2,7,0,1,0,1,0,0,0,1,1,2,0,0,0,0,0,0,0,4,0,1
"hsa-miR-655-3p",67,122,47,19,51,94,85,33,109,29,159,23,39,152,1600,228,12,64,14,106,2,29,81,22,18,26,28,32,14,48,31,50,11,36,29,21,30,34,29,32,487,30,234,32,1,23,155,48,9,55,23,32,27,30,69,96,35,72,81,26,66,33,26,32,3,7,2,1,5,1,10,5,0,1,3,0,0,0,1,3,8,3,0,0,0,0,5,2,8,0,81,0,2,0,134,5,0,10,0,32,0,2,1,8
"hsa-miR-423-3p",57208,27095,64441,27481,41065,36975,56039,16721,17167,22802,60736,37579,32817,43780,63148,37311,43948,25492,92377,19617,46825,41984,65772,33984,53359,17421,63792,39124,55033,31941,35880,23817,117474,26615,48178,34032,34871,38606,38409,7301,37657,37483,29416,30869,36320,17705,57961,11568,43460,15495,61791,36188,38731,24011,42730,29164,46953,27286,62052,57233,42776,23500,130659,18981,3364,2901,3139,2686,2985,2271,2921,1988,1763,1540,1973,2912,2566,2799,2978,2628,1272,1931,3124,4072,5497,9985,2675,7275,6061,3456,5874,2487,3133,3421,3419,2557,3887,7498,3980,3944,5284,2326,5094,3725
"hsa-miR-181c-3p",46,71,70,16,66,56,45,10,153,46,234,27,114,28,48,42,24,21,14,26,10,33,115,19,35,16,83,36,39,43,16,33,19,12,5,14,69,64,75,22,42,42,58,32,33,17,6,27,11,42,22,37,55,47,47,44,54,35,82,46,56,31,12,21,150,71,68,61,51,71,59,129,49,100,57,50,38,119,119,74,69,106,96,78,42,11,67,82,120,48,58,77,97,39,71,85,39,14,51,100,74,72,42,55
"hsa-miR-125a-3p",57,76,56,53,137,94,57,29,54,63,38,56,122,66,67,40,104,19,21,27,23,28,68,15,77,35,83,50,23,99,43,47,16,56,7,35,36,63,64,12,48,95,127,60,11,25,13,28,24,71,60,83,139,89,59,87,54,47,166,95,106,56,12,21,25,21,8,7,15,17,22,12,1,13,15,13,6,6,10,1,11,10,13,14,19,4,15,15,2,5,10,11,48,7,11,19,5,13,10,8,2,2,37,7
"hsa-miR-30b-3p",121,191,88,123,141,200,209,170,38,85,47,202,82,270,33,140,65,49,104,39,311,342,62,53,107,268,519,447,104,446,83,46,46,89,324,223,40,199,56,57,207,371,63,225,452,180,73,128,228,333,124,324,101,242,123,80,113,219,115,227,140,80,238,167,18,7,44,28,20,16,22,10,17,24,25,15,33,19,15,29,24,25,33,17,15,49,22,34,12,15,17,5,10,44,9,12,13,88,17,29,20,25,19,8
"hsa-miR-421",1834,280,900,273,729,278,646,183,389,211,2781,203,214,342,1056,354,390,109,2160,330,1089,289,1043,231,376,149,1050,440,1201,378,324,314,1572,223,1073,307,214,396,527,112,988,287,445,295,716,345,1822,211,315,416,1491,325,1516,244,1374,216,521,124,1117,281,833,215,1826,114,259,384,256,360,391,147,202,285,113,187,117,134,223,217,209,228,262,227,381,325,545,2217,509,935,1582,354,698,1647,418,1239,645,237,193,1078,433,626,2325,315,712,1047
"hsa-miR-181c-5p",2340,2748,5583,1489,2876,2703,2846,1268,10359,2219,10834,2284,8251,1314,2170,2008,1627,840,878,2071,484,1218,6135,1929,2992,1267,5929,2360,2699,3164,2385,3297,3066,3144,550,1649,4832,5752,7111,1789,3807,3852,6521,1610,2335,2002,712,1835,585,4002,3714,1902,4019,3766,3520,2362,5376,2945,4396,3435,4581,3341,899,1091,1964,2941,1998,971,2008,1670,1013,1974,961,1216,1304,867,530,1469,1506,724,1086,1257,1240,1124,1004,300,2076,1671,729,1019,885,706,1209,621,1026,1525,730,306,500,1379,980,626,495,545
"hsa-miR-3124-5p",27,40,29,41,28,50,70,23,13,25,28,38,32,67,47,44,27,36,90,12,159,130,43,37,45,45,70,45,44,84,17,21,70,22,35,24,16,53,56,15,36,34,8,18,51,63,6,17,101,24,32,23,15,55,19,32,42,53,31,93,23,28,34,28,0,0,0,3,0,1,0,0,1,0,0,0,0,0,1,0,2,0,0,0,0,1,0,0,1,0,0,0,0,0,0,0,0,0,1,0,1,0,0,0
"hsa-miR-3184-3p",188,7993,3684,4512,695,1023,63,2349,1104,1849,2853,4523,8408,23,5427,4321,2045,1313,779,1439,1474,41,2370,2,7247,616,80,1397,335,1076,7000,18,14413,574,11939,7792,92,7393,1423,146,4856,5210,4059,171,7561,521,8458,52,94,2470,2212,1428,396,4043,467,16,49,115,936,7295,77,3072,3880,103,0,0,0,0,0,0,0,0,0,0,0,0,0,0,0,0,0,0,0,0,0,0,0,0,0,0,0,0,0,0,0,0,0,0,0,0,0,0,0,0
"hsa-miR-485-3p",54,96,32,9,13,23,31,19,26,22,71,17,12,60,1070,116,15,23,4,18,2,7,64,30,10,11,10,14,11,43,21,53,4,28,17,14,20,23,35,17,957,23,136,29,4,25,148,22,0,57,21,15,22,14,17,21,23,30,20,6,60,22,31,7,22,4,1,14,10,3,26,11,0,3,15,7,6,1,6,22,2,3,2,2,0,0,3,3,6,3,141,0,6,1,218,23,1,32,1,192,4,5,5,4
"hsa-miR-106b-3p",534,319,664,116,160,268,311,160,160,95,519,117,557,382,608,246,229,86,539,49,609,238,371,123,410,207,342,238,864,282,4244,212,365,207,485,254,612,225,291,62,314,255,251,243,306,185,349,204,277,208,322,319,177,158,270,199,370,229,429,296,422,211,689,189,237,159,88,391,139,289,338,397,270,260,177,233,298,361,390,315,652,347,512,522,296,347,187,233,269,507,541,740,481,576,721,244,1385,689,657,1470,1026,614,829,923
"hsa-miR-550a-3-5p",60,11,9,34,41,43,13,6,16,4,27,20,156,41,8,8,27,19,71,23,43,11,18,22,49,25,37,40,213,54,29,17,76,25,9,59,8,27,90,10,29,45,48,21,30,45,18,4,50,41,137,52,14,39,78,27,33,10,29,68,17,2,9,8,8,7,4,8,12,4,8,8,1,6,1,8,13,3,9,7,2,4,14,14,7,40,8,16,47,15,35,61,8,15,15,5,6,23,16,11,26,20,30,37
"hsa-miR-425-3p",789,850,1028,307,377,757,656,458,714,310,1122,431,451,900,1614,508,886,395,1698,286,625,409,858,251,305,436,1071,467,1895,419,642,360,445,375,1122,358,691,451,326,264,782,476,1217,411,821,418,1085,423,418,617,1036,490,478,434,790,322,426,598,885,851,1025,293,2444,282,79,59,57,44,30,106,85,83,117,83,86,89,81,69,66,79,113,49,114,96,88,66,37,78,369,116,203,119,116,77,152,90,78,120,85,38,43,77,137,129
"hsa-miR-660-3p",31,42,107,9,16,16,19,5,19,11,15,13,25,44,17,23,13,14,16,21,21,17,16,11,21,15,39,19,76,22,25,29,33,19,32,10,53,29,22,7,24,20,41,30,36,12,48,26,40,28,19,21,33,18,27,14,19,20,11,14,34,14,74,16,2,0,0,0,0,1,2,2,1,2,1,1,0,1,5,0,2,0,4,4,3,2,0,1,1,5,7,2,1,2,0,3,1,2,9,1,2,1,5,1
"hsa-miR-1290",21,65,53,20,112,37,20,30,23,14,326,26,36,33,1005,19,33,16,57,22,19,13,564,23,46,21,83,22,109,35,445,85,155,31,8,16,746,32,22,173,186,47,181,10,16,31,106,16,3,49,57,29,217,39,148,26,84,19,312,24,7288,28,38,10,0,0,0,0,0,0,0,0,1,0,0,0,0,0,0,0,0,0,2,0,0,2,0,0,1,0,3,189,0,0,0,0,0,0,0,0,0,0,7,116
"hsa-miR-134-5p",180,352,149,108,259,300,313,76,347,120,385,153,100,527,5794,1189,59,96,34,145,10,164,289,127,146,122,200,160,82,407,137,342,37,330,27,142,105,191,194,209,3873,231,797,152,71,262,432,102,24,225,99,144,155,210,254,283,262,280,276,214,264,120,116,83,86,11,4,53,15,29,158,26,56,34,71,56,48,59,33,61,55,31,4,7,6,0,16,11,9,25,1346,24,60,5,510,153,23,238,20,452,12,36,27,31
"hsa-miR-144-3p",1695,3541,488,1751,849,1734,2896,3622,27,904,172,1364,2082,1600,1647,2414,96,725,643,1616,356,2620,425,895,815,1066,3694,3794,434,1856,3984,1384,343,3028,246,1781,2072,3078,100,1829,595,2012,562,2429,122,2072,1869,3862,1339,2382,592,1961,289,1007,1337,2592,361,2045,399,1225,932,1142,294,1540,259,248,489,68,79,363,946,205,247,673,438,546,324,332,190,103,315,490,173,185,69,124,568,26,40,77,101,519,102,159,21,87,1097,41,21,16,33,1693,157,1528
"hsa-let-7e-3p",386,309,586,380,550,466,473,224,742,377,712,518,264,370,860,419,1054,180,264,307,158,461,1020,311,588,419,1123,666,201,931,217,381,161,790,69,340,122,1210,638,292,576,806,548,298,213,401,119,316,131,467,610,244,771,1088,500,475,656,489,605,742,408,565,117,281,32,39,50,14,36,16,18,18,11,15,27,14,8,17,16,24,5,27,6,9,10,3,27,19,3,12,7,8,24,2,8,33,2,5,8,11,11,6,14,5
"hsa-miR-365b-5p",127,37,55,60,119,56,152,50,16,23,34,125,13,51,61,40,17,34,67,13,127,156,15,31,108,42,237,101,56,123,26,19,61,50,42,143,13,73,16,10,59,96,37,161,317,32,150,20,132,32,104,86,36,82,56,41,110,31,45,220,35,40,471,109,3,0,2,1,2,0,4,1,1,2,7,5,3,3,8,1,2,5,8,4,5,7,2,5,2,4,11,2,10,18,11,3,13,23,9,16,16,2,19,17
"hsa-miR-27a-5p",157,216,136,1486,346,181,575,236,224,202,505,434,59,212,43,125,165,78,33,135,68,128,201,94,519,215,1550,780,108,1461,191,101,260,473,59,266,700,518,70,220,147,741,98,172,219,208,55,132,353,443,39,608,176,666,167,743,365,729,243,1164,170,160,70,103,113,42,42,25,59,17,114,91,20,42,36,23,11,17,20,16,66,100,57,78,10,43,196,84,10,14,26,40,15,21,11,55,34,24,44,21,6,61,22,104
"hsa-miR-3656",194,390,424,161,208,478,101,189,120,307,412,226,164,438,166,244,28,93,220,107,81,102,158,150,119,92,294,206,80,112,1321,472,108,332,57,197,472,640,74,136,228,522,157,219,35,200,171,44,52,176,69,105,117,230,145,351,371,665,473,108,396,85,108,196,0,0,0,0,0,0,0,0,0,1,1,0,0,0,0,0,0,0,1,0,0,0,0,0,0,0,0,1,0,0,0,0,0,0,2,0,0,0,2,4
"hsa-let-7d-5p",8693,20475,64406,18064,43025,17397,25166,11358,50998,16097,30509,24854,26115,18914,65889,23919,30102,11183,41511,11251,23119,19571,35476,23022,24057,8205,42471,21884,58315,28737,34886,13156,22620,28104,8307,21094,21327,22186,21327,14603,39110,24300,32613,20482,46088,24827,89586,10744,17824,21722,25580,15668,36559,23307,12658,18831,50111,17556,50863,22140,15783,17525,8619,11193,1825,2109,2041,1778,2304,1772,1863,1736,1666,1739,1724,1911,1113,1419,1630,1258,1274,1946,1227,1193,4347,1485,2729,3722,256,1785,775,943,1776,8951,5709,2669,2092,949,1334,3635,7356,2084,795,826
"hsa-miR-651-5p",233,223,247,261,205,276,489,209,185,143,282,246,324,329,147,211,99,267,163,364,193,333,525,241,487,213,1012,381,213,294,449,292,1884,217,232,221,186,259,331,206,160,193,344,242,320,271,202,508,401,410,81,174,337,282,114,164,307,316,277,293,318,166,80,182,9,19,12,10,7,17,12,10,18,15,19,9,31,16,22,11,24,20,10,17,11,17,13,19,23,15,8,20,24,13,4,13,24,52,15,6,1,18,13,14
"hsa-miR-136-5p",72,141,156,54,75,157,116,53,142,33,168,93,70,144,1461,168,19,50,17,128,8,73,71,49,36,58,95,70,17,101,46,113,24,142,41,53,36,150,31,32,688,116,317,110,96,46,102,135,27,188,64,79,105,72,94,161,109,107,133,59,120,80,13,49,101,28,19,30,7,59,75,63,66,85,127,91,74,66,37,59,44,62,12,19,12,0,13,9,4,55,217,14,41,21,657,162,18,88,8,469,5,40,26,14
"hsa-miR-151a-3p",3311,1259,2021,605,3251,2613,2098,1152,1812,1434,3068,1442,5015,2891,4495,2501,2445,1184,2234,809,9070,2093,1551,797,2066,1516,907,907,7307,2179,6320,3164,7719,5048,7752,2855,1182,860,6142,2170,6406,4142,2542,2597,4158,2213,4317,2547,3760,2103,7689,3114,4608,3302,3277,1384,2858,2759,3887,1931,4576,2306,6863,1639,7531,12487,15075,13398,14564,10401,12740,12404,8916,10377,9343,8822,17383,14795,15794,16268,14840,12397,9724,10930,10540,30888,17792,19074,14942,9079,22677,20124,13511,25467,28368,9264,12773,46366,22948,31003,22694,13730,39703,32999
"hsa-miR-582-5p",928,723,271,417,621,1056,1989,567,671,412,4220,839,236,688,784,802,2261,403,1984,1306,692,648,2404,750,588,628,1672,1120,1266,1087,3598,1359,6730,1610,4389,583,3646,1270,1884,859,1386,1030,1587,737,2060,680,121,620,136,1919,1489,560,10317,1351,1306,834,616,1422,6393,1484,2196,671,1803,498,43,58,70,28,41,43,38,31,81,51,67,36,28,42,34,57,41,28,3,2,35,15,45,29,83,25,68,82,52,44,44,55,12,88,22,19,6,42,72,22
"hsa-miR-570-3p",106,17,56,28,33,28,14,13,15,7,80,20,137,43,68,33,9,13,61,23,44,28,33,20,69,40,241,68,239,60,135,62,216,50,361,48,23,43,14,8,45,37,30,50,33,30,113,83,34,25,37,37,27,8,40,12,64,88,29,18,100,28,313,33,1,0,1,1,2,1,1,0,1,2,0,0,0,0,0,1,0,0,2,0,5,4,0,0,0,5,7,23,1,5,7,0,0,2,0,1,1,0,4,10
"hsa-miR-30c-1-3p",87,171,78,115,117,218,88,115,65,61,51,206,59,149,32,98,27,59,50,35,113,465,30,49,156,267,299,403,73,331,37,34,34,44,153,246,40,146,32,37,77,216,84,217,193,226,177,120,277,254,41,236,50,203,46,88,64,153,80,242,99,139,153,108,56,53,183,59,110,46,50,34,58,115,67,73,74,90,112,120,105,107,95,83,42,81,55,43,63,37,90,15,24,27,11,39,56,34,147,26,58,105,119,131
"hsa-miR-502-3p",877,781,1340,266,464,449,395,240,120,167,307,216,1320,499,298,401,296,186,375,251,256,232,355,222,671,185,1060,440,1160,231,512,569,934,572,616,333,1109,649,896,234,784,438,615,503,628,376,927,335,319,266,481,447,344,253,372,334,511,437,534,363,951,389,1317,224,239,235,180,145,226,58,69,62,45,36,69,81,39,29,47,29,49,32,135,93,494,1370,265,231,204,142,89,148,47,93,123,107,36,127,100,57,119,34,46,78
"hsa-miR-301a-3p",1120,284,1761,165,1137,244,485,154,726,228,4209,176,776,360,4264,695,610,232,2277,451,1025,226,759,201,411,121,1227,357,4323,327,441,494,752,409,1471,163,1052,487,1120,295,758,304,566,241,1208,446,2205,659,434,467,730,324,1271,378,1072,359,688,314,995,325,714,229,1773,147,234,481,214,303,330,249,278,259,211,203,286,235,145,199,112,153,135,214,240,379,1288,1642,659,562,771,1217,1192,482,1280,816,1567,327,1037,574,288,802,716,133,1013,651
"hsa-miR-320b",132,303,418,205,315,130,334,109,88,65,169,213,336,215,117,130,113,87,72,68,162,115,132,83,343,91,240,260,491,287,223,159,399,326,258,192,220,333,116,82,260,252,187,256,258,231,100,124,68,157,121,293,192,218,175,163,208,185,401,205,138,130,616,80,47,109,91,39,134,43,46,68,39,48,42,38,46,69,50,31,82,60,40,39,109,99,79,57,224,96,35,456,35,66,56,48,102,14,25,61,98,70,185,314
"hsa-miR-7706",223,37,186,49,151,70,150,12,34,31,559,57,63,88,281,68,46,31,229,23,83,45,124,38,83,15,96,86,83,46,73,44,223,34,112,48,20,81,77,5,178,42,20,56,88,44,157,6,46,23,198,59,29,15,305,62,110,27,54,125,78,34,220,30,45,49,26,73,64,45,61,80,56,57,52,35,91,71,72,57,44,62,98,76,97,218,87,130,168,94,138,138,116,213,329,48,230,487,128,247,295,100,214,150
"hsa-miR-374a-3p",620,297,468,331,248,255,400,285,516,201,523,325,169,220,242,308,145,194,522,455,490,399,473,260,388,219,434,224,375,408,117,171,300,116,753,355,178,171,296,131,184,291,273,288,266,254,208,623,212,159,182,293,140,203,247,220,400,349,306,351,290,279,551,245,422,596,602,366,324,590,441,462,607,780,396,421,745,701,432,556,392,615,554,703,458,350,534,121,202,560,983,385,350,308,243,449,557,739,515,398,446,442,421,569
"hsa-miR-887-3p",569,720,542,116,347,177,358,105,82,210,681,144,348,293,279,308,237,128,1197,219,118,111,292,212,233,81,419,81,74,116,120,396,220,286,65,68,228,199,1308,149,116,148,715,116,146,214,180,92,64,230,343,118,356,171,614,395,630,477,808,202,310,172,389,100,101,11,3,41,7,22,38,45,11,15,34,29,16,17,27,20,69,25,38,41,28,54,4,18,21,30,40,11,43,28,35,69,159,26,58,35,136,13,48,56
"hsa-miR-3591-3p",3836,4657,3765,1740,821,1698,2369,1600,24,1963,105,3540,1200,4646,775,857,91,770,2272,394,1390,1522,525,1188,1041,1821,865,3522,744,1734,346,1122,587,697,4425,1744,40,859,191,1307,4482,2522,247,2179,1605,2410,1631,3610,1038,2415,1410,3731,278,683,690,1071,424,2800,160,2103,1409,1089,3092,630,0,0,2,0,0,0,0,0,0,3,0,0,0,0,0,0,2,0,3,0,0,4,0,0,0,0,12,1,2,0,0,0,0,0,2,0,0,0,2,7
"hsa-miR-1468-5p",297,272,169,593,472,531,638,431,69,478,126,1228,50,528,446,618,95,286,89,285,7845,1416,189,667,693,587,953,869,311,1750,54,205,85,188,651,1136,30,542,48,182,509,1146,35,804,2338,589,403,445,3330,286,409,793,92,625,313,344,410,699,127,1546,163,621,53,319,142,129,286,274,110,208,112,184,217,335,175,156,371,340,317,635,149,354,29,39,22,27,34,31,76,14,20,66,51,220,31,57,75,24,46,87,63,431,208,154
"hsa-let-7i-5p",53079,81809,196737,59846,178341,73268,117167,43617,486548,75886,161737,79642,91554,83822,112126,61380,255926,55058,120497,99022,51911,50610,177341,94509,132851,39197,239047,89526,127660,95841,163025,118673,239563,151826,39492,80722,188491,106329,298752,52520,112832,94434,253745,71090,228295,77299,186188,57893,81839,113708,78432,63586,178954,99564,73673,69104,213991,84487,137432,87576,88591,76219,35626,42562,6797,4147,3339,6429,5409,6936,5687,10698,6511,6227,5477,6022,5633,7078,7085,6299,10111,6626,3236,3246,6180,1373,4406,4946,652,9749,3332,7302,5456,8622,5580,11635,13319,2672,4155,10852,7482,6825,2902,3862
"hsa-miR-1307-5p",549,477,112,127,154,455,30,425,10,68,22,177,517,1690,133,167,122,81,528,166,192,623,32,252,58,297,245,242,14,66,255,251,44,95,46,122,87,260,42,19,74,173,773,304,19,192,600,287,114,488,359,177,81,85,181,190,291,856,166,116,226,453,77,480,760,32,19,683,12,1089,361,935,1019,1132,757,659,1567,707,688,313,555,685,858,1452,927,90,38,24,97,1905,1011,1142,1401,3067,1292,526,2021,1667,543,884,797,829,1759,1196
"hsa-miR-196b-5p",2793,438,15789,246,450,316,270,230,179,154,12502,155,12975,260,295,202,7100,103,18449,165,54,321,3611,300,229,79,1670,247,251,347,3050,426,313,934,281,207,1726,245,38346,490,250,317,2339,285,14490,205,329,169,160,665,12360,79,7726,213,1824,202,12280,216,8352,259,1612,245,571,108,10,17,6,7,25,16,11,16,18,4,21,10,0,11,3,9,77,5,20,39,14,47,46,3,367,114,3,23,437,3,12,12,406,1,92,61,273,14,3,7
"hsa-miR-548q",47,40,39,38,54,63,53,38,32,19,30,62,70,43,20,42,29,25,33,28,70,75,41,44,95,48,83,62,32,83,31,29,82,45,35,64,31,72,28,14,92,71,26,65,117,60,78,22,73,48,49,42,23,47,42,35,59,37,34,69,37,41,104,25,0,1,2,1,0,0,0,0,0,1,1,0,1,0,1,1,5,0,0,0,1,0,3,0,0,0,0,0,0,0,1,0,0,0,0,0,0,0,0,0
"hsa-miR-199a-3p",30781,15181,40571,9170,1923,52534,7673,38057,152502,2640,16188,740,12567,38018,25521,15914,5310,21361,4816,14308,79,10263,348,55734,23226,26485,42326,1939,8431,38011,4487,85391,3426,6997,23,25293,14656,34032,2250,43799,2680,21221,4696,24622,1474,2194,90,32608,4071,101343,20028,16880,1014,41555,47012,3248,43449,3061,38426,78626,48891,75283,62,173,19823,16899,18156,6211,12493,13449,12811,12523,7836,11751,17688,17447,4901,10550,8674,6862,12357,12322,1057,1704,4432,128,10333,6815,1191,6656,4675,1662,4328,1114,3398,27690,918,511,677,3959,2547,6036,1997,653
"hsa-miR-671-3p",33,46,62,20,28,41,89,39,34,21,44,31,29,55,19,19,41,28,45,12,73,33,63,25,38,35,16,16,42,30,121,41,43,53,27,25,112,22,76,7,14,35,55,26,23,27,53,43,24,36,25,55,37,25,26,17,66,51,77,38,69,21,103,40,81,31,26,114,18,80,91,82,60,81,65,107,97,101,116,83,33,129,314,451,44,51,31,64,100,98,185,94,129,232,41,88,60,129,571,119,268,125,521,357
"hsa-miR-4286",40,108,58,30,26,146,42,143,9,33,17,32,30,130,52,42,53,35,49,24,105,66,23,42,19,86,26,88,48,27,215,83,11,54,52,75,164,84,8,17,23,61,114,116,39,162,79,27,16,136,131,50,9,14,33,34,43,162,40,34,55,39,96,83,58,9,21,21,12,25,54,30,43,28,40,19,38,31,37,27,105,25,22,12,22,77,31,29,37,42,50,30,51,12,46,16,99,54,32,45,45,49,104,70
"hsa-miR-493-5p",827,486,847,421,911,337,1407,222,1642,458,4846,918,209,1015,67340,6065,277,245,165,439,109,358,1471,689,684,180,931,361,274,1617,247,528,344,757,289,381,219,685,1285,618,34919,642,2023,412,55,565,3076,447,200,1247,876,266,1571,871,1622,1473,1425,284,1463,585,1315,648,105,315,96,41,22,53,59,35,274,28,32,31,96,43,41,43,46,87,60,22,2,17,19,3,64,66,60,45,1996,23,88,9,1479,265,20,447,46,2856,57,26,69,49
"hsa-miR-496",36,21,50,8,39,23,75,6,102,12,344,48,30,62,5571,524,9,16,9,27,12,39,35,11,30,18,40,10,11,93,7,26,17,21,16,11,8,21,30,11,785,15,86,18,51,23,79,23,17,61,38,16,51,15,109,48,32,9,37,28,53,16,22,23,2,2,1,3,2,0,1,0,1,1,3,0,0,0,0,1,0,0,0,0,0,0,2,0,2,0,21,1,1,0,84,7,0,6,0,27,0,0,1,1
"hsa-miR-342-5p",406,648,554,564,902,506,479,222,409,339,664,467,623,497,310,257,629,270,258,129,423,416,598,418,517,137,1002,620,878,840,153,420,1466,583,93,688,192,881,325,130,770,1033,820,889,1173,358,257,228,211,356,516,877,271,264,480,429,1971,352,452,752,574,469,1120,113,51,21,21,32,38,35,37,50,62,23,36,29,23,35,49,20,44,18,28,32,23,15,36,39,15,23,22,21,30,14,13,36,17,18,20,23,11,32,32,14
"hsa-miR-100-3p",15,18,11,17,21,13,12,20,29,24,9,28,4,18,11,19,14,11,1,23,17,37,17,19,51,26,25,22,1,35,3,14,2,24,4,22,12,20,15,8,14,19,20,26,50,14,9,13,47,36,10,11,32,15,9,23,26,34,35,32,13,18,15,25,41,38,73,34,38,59,33,38,43,73,38,73,36,44,47,37,35,74,2,2,18,5,39,7,4,21,8,1,16,6,11,58,3,0,17,9,6,37,17,40
"hsa-miR-342-3p",19857,16175,19381,21640,24226,16995,18861,7867,18237,14337,41423,11799,14736,17444,15754,14951,31656,14644,15979,20005,13043,13366,27869,29363,15124,8198,27369,17626,55292,18302,12527,29746,64788,37170,10991,20655,8544,22971,26294,4979,22037,29800,29669,17124,14180,10806,14475,21116,8990,14372,13245,16243,18042,15710,22677,22826,47146,19384,23268,21807,25892,19751,17232,11284,1236,278,163,947,456,974,974,1367,1123,708,1014,865,636,783,1287,654,1985,690,545,495,521,219,374,724,430,780,509,652,850,662,556,1308,577,687,782,530,415,702,456,367
"hsa-miR-628-5p",78,88,123,28,54,54,67,58,34,15,148,49,56,78,29,32,24,18,65,77,15,41,89,34,41,38,94,46,21,39,43,95,99,67,40,54,36,58,51,15,36,43,91,86,23,23,36,58,21,21,53,64,27,19,53,21,99,111,56,30,59,30,61,44,37,36,64,26,59,33,34,26,51,44,19,38,33,42,27,20,44,40,30,24,50,170,43,39,56,48,37,77,29,64,19,36,18,51,33,23,44,49,26,25
"hsa-miR-548k",2134,203,493,298,188,217,292,149,165,146,483,273,597,227,466,200,328,115,725,273,360,234,577,257,338,147,652,266,766,321,329,260,1070,273,446,318,184,262,516,162,224,231,484,199,347,177,332,139,568,290,530,230,937,300,384,217,286,191,902,331,547,243,712,175,55,130,102,75,74,130,127,35,92,44,83,67,89,103,81,129,55,42,57,93,471,4315,97,145,354,354,253,141,183,804,245,87,112,846,303,787,363,32,130,108
"hsa-miR-6815-5p",58,57,60,57,24,61,86,32,1,15,20,70,28,56,32,43,7,25,39,6,56,64,7,34,83,33,66,58,41,79,2,9,16,38,24,89,3,41,5,9,58,41,14,63,40,28,81,17,46,21,38,96,12,38,29,30,25,28,8,79,24,24,106,39,0,2,1,0,0,0,1,2,3,0,0,0,0,1,1,0,0,0,1,2,1,3,1,0,0,1,0,1,3,1,0,0,1,1,3,1,3,1,2,4
"hsa-miR-324-3p",1759,2474,1858,790,1800,1549,1348,852,503,639,733,780,1952,1961,1390,1236,659,651,1251,490,1276,1140,878,841,862,832,1850,1381,2053,861,2390,1893,1737,2195,690,1030,1508,1589,983,437,1807,1277,1591,1325,542,1014,693,646,513,947,2137,1606,882,694,1177,977,1923,1995,2050,1366,1259,642,4645,1295,30,7,8,26,7,17,9,16,15,19,11,10,13,8,19,9,19,10,12,14,28,39,8,26,42,26,19,50,34,43,48,16,66,25,58,33,53,26,84,65
"hsa-miR-214-5p",34,89,54,32,56,64,28,34,139,29,72,40,19,52,27,52,21,16,5,39,4,20,40,30,33,25,32,41,18,39,8,36,1,51,1,35,12,99,47,44,39,107,165,45,4,63,3,20,3,59,13,34,26,72,61,49,62,94,56,62,72,29,1,14,336,113,118,95,69,195,206,184,122,161,268,332,77,163,134,114,105,224,16,19,58,0,61,56,11,101,53,20,65,20,53,416,18,6,10,45,28,77,27,7
"hsa-miR-221-5p",145,61,194,26,83,56,125,30,237,56,84,54,114,67,143,87,87,30,157,76,309,57,267,46,64,32,150,66,179,90,141,60,204,94,243,54,365,66,159,37,202,70,120,51,314,61,81,57,543,120,70,74,115,91,134,51,145,74,63,103,118,54,217,36,104,105,45,102,108,84,116,66,45,51,61,120,39,41,34,35,35,22,111,118,196,105,187,125,161,183,45,241,114,227,156,134,40,106,76,55,146,17,109,77
"hsa-miR-19b-3p",42979,48645,61452,23681,106655,48255,39639,35534,35158,26595,27483,32410,309037,46894,29119,41117,29246,22161,45934,34116,60425,47145,35112,24832,43713,59120,26707,43780,18057,42547,47578,24071,46869,22133,37918,27638,57678,30728,21698,25665,74503,46625,34709,24597,26001,45299,54423,80422,34963,54788,52142,49973,28692,52254,63738,27144,67189,74035,25199,41153,43706,36017,32272,27699,367,1585,1508,1211,910,2194,1715,835,3428,2129,1443,1717,2977,2044,1836,2706,4981,1517,2931,3537,1715,248,2579,573,508,1015,1511,808,2074,863,1097,670,3343,414,1610,1372,1286,1471,1064,1094
"hsa-miR-21-3p",4929,1856,2203,3376,4723,2914,4499,2474,10147,4244,2108,3803,11250,8800,3299,3017,14064,2773,5430,5033,5937,1522,7879,1816,4189,1187,5017,4101,3337,3311,13167,3937,6275,4190,5788,2472,24702,2744,13968,2095,2430,4420,11839,2061,3402,1858,2577,4829,2466,7322,3460,4700,11915,5529,7248,5343,3515,2218,17884,6377,4230,1351,7920,3032,3045,4414,1313,5160,8018,2907,3492,7817,3026,1981,2234,2093,3159,1501,2236,1668,1606,1928,12085,13550,7425,24947,10242,19700,5282,9017,11557,27921,4571,24929,12669,6235,18739,10630,4725,8289,6804,3811,6983,5870
"hsa-miR-24-3p",68800,160062,148047,60510,62000,88372,152420,88166,153680,56783,201409,104204,71646,71820,83757,83806,104923,36564,171439,154430,84287,87390,328879,230664,80150,58114,56316,75548,102808,95765,473759,258603,224908,389400,75691,59877,264017,84049,60171,34438,134219,165978,138319,70734,44858,60151,88244,58313,47061,76918,60284,81943,62109,68485,88341,65203,289660,209100,102585,75450,90435,68343,236808,150669,3126,2744,3044,1832,2178,2247,1750,2595,2338,2084,2272,2027,1532,1440,1580,1562,2024,2063,2545,2286,1790,1884,2729,2487,954,1731,911,2086,1674,2558,1910,2966,1753,544,1490,1534,1921,1629,1108,1038
"hsa-miR-590-5p",208,87,171,39,43,57,57,54,26,40,148,49,76,78,75,56,30,24,98,60,39,55,53,42,68,34,202,78,74,32,137,104,222,59,116,43,66,137,19,24,77,73,65,83,45,30,157,151,66,74,111,105,145,46,70,45,145,100,114,35,111,47,176,39,2,0,0,0,0,6,2,0,1,0,0,0,0,0,0,0,2,1,1,4,0,0,0,0,0,1,1,4,3,5,2,1,2,0,3,0,1,1,0,2
"hsa-miR-1285-3p",37,12,20,16,10,10,14,12,4,7,2,11,7,31,7,10,7,5,10,9,11,9,11,12,16,8,7,10,16,11,13,5,21,5,12,9,8,6,7,4,6,11,17,8,2,3,30,12,20,16,24,19,10,10,7,6,22,10,10,7,28,9,36,11,13,9,5,21,23,29,13,23,26,18,28,18,26,12,14,25,24,15,28,19,18,53,9,31,89,18,68,59,28,42,36,12,22,41,54,33,86,41,37,44
"hsa-miR-6715a-3p",517,257,66,293,6,27,152,56,3,22,24,244,12,66,258,181,194,41,35,81,3014,195,10,26,125,54,75,78,66,61,10,212,67,49,1992,242,10,40,40,22,22,19,6,21,41,295,284,79,338,60,256,301,16,66,47,68,33,48,53,157,43,23,78,520,0,7,0,3,7,0,0,1,18,15,1,2,8,0,24,9,5,16,9,4,6,1,0,0,1,2,2,18,0,5,0,1,2,5,21,2,25,13,7,8
"hsa-miR-451a",332904,572361,138213,537610,348840,458022,1490664,959496,54814,613978,214913,620231,379708,604055,573824,795678,57077,454705,238889,845989,153725,913275,380156,439653,367883,361139,1583833,1644019,217555,800346,1012914,332074,150850,846174,127378,472645,906804,1266737,54648,1736951,222800,568062,158278,488756,115747,1624665,420551,556332,1096121,1737899,164253,480615,263335,926796,682996,1023718,94946,578741,175364,885974,208689,274677,140397,429353,5470,6076,15536,4085,3098,12142,25790,4479,6333,10768,8921,13718,6548,11208,7248,5984,18411,8180,3730,2903,1635,3325,18127,1539,1273,1319,2224,13270,1859,2213,382,3738,18788,1464,1077,547,778,34328,2037,24842
"hsa-miR-103a-3p",39181,4299,670,11875,6560,28531,8817,16593,12431,4929,28526,3428,25941,13698,9298,31986,722,8185,33256,29446,4054,15638,34,6000,15242,5087,16097,274,18273,17859,13160,9876,24688,4633,69884,10349,2202,24680,38389,7901,28158,23728,21992,8576,1021,35137,353,1683,951,7876,1642,7177,22830,6381,14098,11988,22973,19971,12889,25782,28864,177,39792,13119,6195,13929,16404,9568,15144,8396,7152,8146,8248,9956,5688,7438,9979,9461,9906,8534,10719,10594,11157,12270,13275,25222,21550,16581,15638,10105,10451,13544,7451,17671,8478,7504,14508,12896,9135,13253,17253,10115,4586,7642
"hsa-miR-3912-3p",66,30,66,35,68,24,56,39,77,47,47,45,89,20,35,53,32,26,23,54,42,36,43,47,41,46,48,39,81,66,49,35,85,41,40,40,34,37,39,17,42,61,42,32,31,59,27,35,57,80,22,26,42,73,49,52,67,63,25,49,32,44,29,32,14,29,49,10,23,24,13,27,26,22,5,11,14,21,17,29,27,17,10,14,28,27,46,20,7,24,19,1,16,40,9,16,27,8,14,11,11,33,22,26
"hsa-miR-99a-3p",386,2218,304,1420,961,2146,1736,1352,417,988,388,1566,113,2341,143,1330,166,907,117,806,1670,2200,557,854,2099,2139,780,1967,199,2358,165,525,725,596,588,1872,133,1524,426,961,911,2481,526,1672,761,1997,255,1640,1538,1590,330,2270,324,1832,227,795,306,1859,340,2044,572,1558,40,874,79,100,179,100,85,139,135,137,174,206,104,132,150,159,153,213,152,192,36,44,13,31,45,21,14,50,122,11,65,11,7,96,39,34,101,40,45,186,76,38
"hsa-miR-29c-5p",600,1029,851,523,1931,3059,3199,2285,3417,2162,1452,3501,1437,3330,1219,2358,2509,1757,4413,1522,5684,4439,2375,2792,2355,2916,5622,4096,2412,4632,1738,1680,2053,2790,4092,3243,769,3735,2400,2998,3667,4525,2691,3356,4769,4721,687,2304,4496,2701,1285,2967,4052,3968,2004,1871,2566,2655,3561,5039,1611,2255,5794,1431,64,15,14,48,7,82,59,62,54,85,44,66,46,45,48,66,80,47,75,32,44,14,10,7,3,26,17,27,21,44,22,75,29,21,44,17,31,40,6,8
"hsa-miR-3613-5p",3080,2507,3781,2792,3840,2882,6441,2352,3652,1581,10324,3105,1940,2553,4845,1983,4046,1317,9741,1544,5756,4471,7897,1387,3970,2329,11060,2497,7484,3848,3842,1596,3058,1194,5264,3776,4134,1478,3743,1338,5767,2611,6205,5209,7729,2332,1196,1996,7024,2118,2734,3435,1587,1854,4032,1266,5213,2592,2105,5458,6004,1469,5008,1922,57,0,0,44,0,88,29,29,69,52,34,36,61,38,49,70,33,30,62,83,23,0,0,0,2,52,26,50,55,69,38,55,57,43,129,67,40,45,112,111
"hsa-miR-378e",42,185,53,74004,69,290,10604,66727,56,91,26,192325,30610,158187,631,91580,151,14648,1193,55192,161982,506,74,2848,25389,102580,170,278,147934,388,15912,296,761,106,111,625,1012,190,199,150,65,3334,45953,3455,489,888,153,353,40962,25140,164,122478,6662,23140,102,243,39745,157762,1339,693,59,218,125,2013,0,0,3,0,0,1,1,1,1,4,1,2,1,5,0,1,0,6,0,0,0,1,1,0,0,1,0,0,0,0,0,0,0,0,0,0,1,6,0,1
"hsa-miR-487a-5p",49,85,42,20,98,100,211,28,112,37,303,84,34,140,2450,226,36,48,24,43,7,61,179,62,84,44,117,34,43,157,14,44,26,76,35,44,25,51,77,48,1912,78,246,57,3,37,139,39,23,60,51,57,78,51,126,109,91,42,163,131,99,52,51,35,1,0,0,1,0,0,0,0,0,0,0,0,0,0,0,0,0,0,0,0,0,0,0,0,0,0,3,1,0,0,12,1,0,1,0,4,0,1,0,0
"hsa-miR-10a-3p",71,127,68,42,81,62,35,68,288,92,85,81,37,34,39,58,69,33,19,63,4,59,151,68,58,52,77,53,19,82,104,51,13,82,9,49,12,100,25,70,86,134,71,58,16,70,19,73,17,110,53,65,44,159,71,80,60,128,85,101,61,87,7,26,109,78,110,41,74,56,111,74,47,88,85,102,39,70,51,70,82,70,9,4,24,18,50,37,24,42,31,21,21,6,12,89,40,4,13,21,21,38,16,16
"hsa-miR-377-3p",176,305,234,117,196,217,405,122,126,70,559,156,84,454,2934,576,41,78,56,215,10,162,142,153,94,93,238,157,82,215,246,796,167,913,88,135,89,295,116,71,3476,239,531,196,35,70,565,296,27,228,145,350,124,136,350,387,371,471,297,110,507,229,133,252,14,14,7,1,18,8,20,6,7,4,19,11,9,3,6,7,5,4,0,2,3,0,11,7,3,6,72,4,7,3,202,21,3,18,2,162,3,2,7,5
"hsa-miR-378d",32,247,7,53,22813,154,64279,73,2383,33,6,331,28,237,7279,76,10053,118,10,128,216,125,45,54,133,116,84,80,276,108,7,73,59,24,61332,119,17,13631,164,81,9,98,42,84481,122,323360,10047,208,125,94,13,183,13,194,29,35,18,24207,25,273861,11,101,32,52,26,75,149,39,85,130,102,82,240,162,104,105,208,230,153,120,182,201,11,12,22,48,30,16,8,33,30,43,30,23,9,25,30,50,39,23,35,243,27,25
"hsa-miR-487b-3p",1092,954,1350,352,1208,883,2166,358,2706,407,5154,1145,742,2029,63435,5213,307,630,178,1036,124,705,1934,437,801,607,1363,568,303,1753,330,811,328,1199,444,429,429,893,984,756,23953,830,2406,582,905,648,2742,819,342,1259,563,567,1014,890,1965,1216,855,738,1201,1220,1155,527,997,371,82,46,52,26,51,27,89,42,20,24,92,34,44,29,31,46,30,20,4,9,11,5,37,43,83,20,679,10,40,12,2087,79,7,146,7,786,18,16,28,40
"hsa-miR-629-3p",147,34,75,51,52,44,32,18,76,36,372,42,68,82,134,51,104,28,53,52,55,43,210,112,68,7,111,65,93,35,95,74,289,88,10,43,54,90,145,30,52,83,101,54,68,43,190,53,15,37,90,35,205,41,71,59,171,47,309,65,149,75,99,17,1,1,0,0,2,0,2,1,0,0,0,0,0,0,0,0,0,0,2,0,0,3,1,2,7,1,0,5,3,0,0,1,0,3,7,0,0,0,5,2
"hsa-miR-379-5p",1065,1691,2002,1030,1763,2034,2864,752,5005,1060,5567,1965,1172,2411,49060,6038,647,1030,541,1595,234,2292,3277,1710,1440,1215,1971,1139,673,5287,841,1648,698,2846,302,1405,793,1899,1073,2061,17664,1963,6316,1480,1852,2035,3037,764,486,3035,1230,1004,1483,2169,1834,3149,1968,1798,2156,2706,2085,1843,371,877,38,7,11,16,0,14,76,18,15,26,36,25,21,15,20,31,16,19,9,2,5,0,5,13,15,8,290,7,22,7,589,45,2,87,11,192,6,9,16,13
"hsa-miR-4792",3,3,3,0,2,15,0,15,0,3,2,1,14,32,1,1,2,5,5,25,0,15,0,4,1,23,1,17,1,3,32,18,1,8,0,3,6,8,0,7,0,0,20,10,1,26,111,1,1,27,13,0,5,1,2,17,13,39,15,1,10,13,0,18,78,5,21,69,10,56,158,146,45,80,63,88,18,162,64,31,91,154,26,37,22,43,64,6,106,25,192,527,17,12,23,178,5,25,55,27,19,353,446,811
"hsa-miR-2278",49,17,16,14,11,23,42,10,25,7,74,21,19,20,46,25,24,11,43,15,20,15,43,16,29,5,24,17,37,12,45,20,29,15,33,22,34,20,37,10,24,38,32,19,20,22,18,14,23,8,25,22,59,13,22,27,17,20,80,30,52,12,106,9,0,0,0,0,0,0,0,0,0,0,0,0,0,0,0,0,0,0,0,0,0,0,0,0,1,0,0,1,0,0,0,0,1,0,0,0,0,0,0,0
"hsa-miR-532-3p",1092,536,2377,306,577,478,793,302,220,219,779,325,2247,518,476,425,247,165,1669,449,830,327,1382,997,709,212,502,313,1573,238,916,745,1900,1002,949,302,970,348,676,116,970,493,529,382,1006,227,1436,201,428,190,524,394,347,251,589,412,1536,904,884,602,731,264,6087,645,37,4,2,28,10,27,20,26,11,24,21,25,18,13,30,16,49,26,95,56,57,36,4,19,14,53,44,66,32,63,57,45,42,88,82,54,58,18,52,37
"hsa-miR-500a-3p",568,499,1091,115,293,304,361,122,107,99,300,109,730,314,243,242,157,121,235,132,192,118,292,97,313,148,442,301,711,135,425,514,563,383,445,147,839,305,667,135,484,194,567,202,458,212,784,173,212,187,361,245,207,120,243,147,427,401,287,202,716,147,1208,143,920,1178,1132,1261,1381,900,1177,1228,741,674,871,1000,659,725,861,943,525,802,1560,2027,2127,4889,1675,1848,2297,1861,1452,3305,1383,3312,1916,1340,963,3897,4449,1386,3201,697,2423,3469
"hsa-miR-92a-1-5p",123,127,85,81,127,43,91,59,25,34,172,74,98,175,36,52,20,34,28,33,65,75,29,26,186,24,94,59,12,69,66,31,115,62,38,64,30,35,7,24,70,101,42,98,85,26,275,37,86,56,26,299,24,32,55,16,208,99,38,129,120,15,142,28,8,1,6,10,0,3,7,6,11,14,9,8,21,13,20,25,2,13,33,39,12,3,20,13,7,4,43,1,34,7,6,5,16,9,23,9,11,9,100,62
"hsa-miR-127-3p",8920,11854,14955,5038,6106,4890,12886,2241,25044,4854,27258,6943,5150,12366,224282,25999,2736,4371,1362,6173,984,4456,10097,5346,6074,3692,7618,2180,2667,10606,2531,6693,2612,7595,2080,4003,2293,4207,5777,4432,124453,5613,33788,4618,8176,4492,6696,3174,1736,5670,7992,3354,5909,5759,11717,12876,9477,7297,13123,9572,10269,6221,1598,3713,10033,1433,1111,4752,1554,4181,20978,4924,3098,3626,8376,5331,6745,5962,5538,8848,6078,3774,800,1850,1177,73,1303,1838,1122,3903,112272,2310,5147,1436,123068,17018,2854,33097,4275,128286,3275,2274,4540,3749
"hsa-miR-1976",28,22,20,20,18,30,12,8,11,5,11,7,20,38,22,12,16,7,8,13,17,15,31,17,40,2,15,9,59,26,16,40,60,18,13,32,16,14,32,5,14,21,22,19,19,24,17,13,19,17,22,23,46,14,20,11,34,15,52,25,23,11,23,16,0,0,0,0,0,0,0,0,0,0,0,0,0,0,0,0,0,0,0,0,0,0,0,0,0,0,0,0,0,0,0,0,0,0,0,0,0,1,0,0
"hsa-miR-149-5p",421,401,3146,425,882,784,723,265,3194,555,18977,879,1724,912,733,602,715,319,429,329,216,617,1941,373,470,381,752,765,4880,1173,360,397,553,830,144,404,652,1176,2239,219,554,792,497,463,2656,468,64,295,387,307,1507,556,1648,928,975,358,3004,727,1248,1469,1201,407,194,399,67,4,5,34,10,37,44,34,39,34,46,38,16,33,20,11,44,31,16,24,42,16,5,17,497,40,50,138,19,119,37,32,45,1,14,35,73,16,8,1
"hsa-miR-1228-3p",202,105,66,88,64,83,60,45,31,47,45,59,53,128,250,43,74,108,168,179,33,27,77,81,50,20,315,67,60,13,59,174,107,76,34,43,20,57,97,15,107,34,73,145,79,27,143,80,35,44,172,67,84,23,292,100,80,44,118,76,81,24,296,51,0,1,0,1,0,1,0,0,0,0,1,0,0,1,2,0,0,0,1,0,3,3,1,1,0,0,0,0,0,0,0,1,2,0,1,0,0,0,0,0
"hsa-miR-3065-5p",8,24,12,34,29,54,11,37,87,24,52,31,34,36,13,36,12,35,12,30,13,21,6,25,6,18,71,97,26,17,20,49,37,71,95,58,15,37,9,3,15,44,39,52,6,60,286,55,19,31,8,60,24,21,7,33,91,23,25,23,16,31,5,28,4,24,5,28,20,17,3,12,17,12,7,20,19,20,7,12,22,21,5,2,5,22,5,30,62,7,4,11,2,18,21,6,2,2,9,15,22,16,4,10
"hsa-miR-454-3p",3342,1773,6398,1913,4699,1984,2421,920,1229,652,10370,1094,3709,1962,4932,2261,592,402,1679,636,3131,1384,1402,539,1992,637,1871,2240,10969,1817,1391,1298,1962,1707,3232,1740,3094,2280,1510,794,2320,1692,2506,1832,1776,1488,6228,1296,563,945,1712,1775,2327,691,2064,1553,4837,1384,3842,1056,2323,1037,3878,1040,345,478,261,373,397,323,316,280,253,234,243,257,167,289,297,233,340,206,354,453,1462,1422,624,770,628,549,354,373,597,820,734,340,1012,391,440,895,694,217,712,408
"hsa-miR-145-5p",9657,49856,15007,2995,6633,11588,5060,6307,20618,8760,3636,3428,13663,10824,4898,15532,8502,4034,2037,6597,741,2700,9913,4368,4690,5407,6221,4855,5618,3107,5330,10268,712,25419,2943,2165,10358,8525,3546,6026,10728,13457,22630,2951,2250,19460,2875,8115,723,16819,3163,3575,4992,8395,5965,6692,4944,20777,11699,3470,10260,4202,1482,2493,1506,14,7,1326,18,1005,1064,1760,684,875,1047,1396,434,1154,876,1145,2218,715,225,130,534,1,11,16,5,511,379,322,333,253,361,2595,226,136,471,356,487,447,174,140
"hsa-miR-381-5p",33,23,39,6,30,31,50,8,82,17,85,27,26,66,336,41,12,36,7,35,3,16,27,9,16,20,40,26,12,57,0,27,4,16,7,20,13,32,11,20,210,26,54,35,30,18,103,32,11,30,22,36,45,30,59,51,19,25,22,39,18,18,25,4,0,0,0,0,0,0,1,0,0,0,0,0,0,0,0,0,0,0,0,0,0,0,0,0,0,0,11,0,0,0,6,0,0,0,0,1,0,0,0,0
"hsa-miR-29c-3p",9404,23014,10669,9435,9575,18433,11994,10989,8346,7487,4462,12546,9212,23146,2729,9829,6269,8456,8479,8701,17326,14764,4596,6395,6959,15135,18575,19916,5853,15266,8326,11301,6615,10766,34889,13182,4843,23461,2821,6833,14277,22849,11814,20717,10159,9582,3601,41831,16502,13331,4010,22871,7972,16057,6205,8742,16435,41957,8591,16157,8204,10501,18375,9811,1580,1835,3217,843,1608,2331,1634,1194,1740,1462,1633,1664,1193,1387,1031,1662,1410,1155,625,468,1577,2240,875,629,167,621,331,286,490,938,469,1320,358,316,347,458,485,1018,120,108
"hsa-miR-5589-3p",12,292,28,86,5,144,42,67,2,86,0,61,15,331,0,91,3,115,58,134,16,122,23,77,53,109,24,308,10,65,5,53,51,27,5,60,5,127,15,64,20,170,7,152,12,88,1,71,93,128,1,115,1,29,8,46,17,51,14,54,7,13,52,142,2,17,7,12,25,9,0,12,15,6,9,3,29,3,9,12,13,8,2,2,12,32,4,2,0,1,0,2,0,0,0,0,6,5,1,0,0,30,0,0
"hsa-miR-212-5p",16,12,59,3,4,3,15,7,1050,10,23,5,26,5,11,8,6,1,99,76,7,3,144,48,11,2,19,3,21,1,16,32,77,29,1,0,11,5,31,9,4,2,10,6,67,4,2,2,14,8,5,8,46,33,23,9,18,11,15,11,9,6,19,5,32,1,0,8,0,8,24,31,11,9,9,22,6,4,6,3,2,12,9,7,10,0,3,2,0,16,10,34,19,45,32,35,12,11,16,12,13,4,19,23
"hsa-miR-26b-3p",186,192,185,142,116,218,531,337,85,69,257,405,164,334,87,141,83,91,213,207,151,338,266,147,231,353,129,114,430,335,256,184,157,240,572,325,124,77,21,14,208,323,184,391,56,49,155,235,85,104,126,344,45,84,133,169,183,237,167,598,143,284,431,159,76,1,3,53,0,145,89,44,115,90,110,109,89,83,76,92,118,76,59,59,46,3,0,2,8,39,54,27,61,31,66,58,63,39,53,50,24,58,88,59
"hsa-miR-18a-3p",235,82,134,39,281,55,57,33,21,17,346,30,168,71,90,32,43,17,152,21,31,17,99,50,37,31,39,48,61,23,220,71,249,71,25,18,124,55,65,12,181,46,81,54,41,40,541,40,23,42,455,222,116,14,259,24,88,38,238,28,293,21,175,28,4,7,3,5,2,4,5,6,5,1,9,6,3,8,5,3,13,6,8,7,12,10,15,17,84,7,32,23,59,11,24,5,20,9,33,21,19,4,104,59
"hsa-miR-155-5p",8812,6985,6414,10364,17001,7062,6493,3314,21144,5556,30736,4235,7904,4411,6021,6805,11415,2873,4421,15443,1338,4250,18188,11023,5461,3638,16194,6452,9660,6647,12033,18768,103162,22922,5523,11773,12334,9149,9932,5425,6881,10255,56238,4510,2448,5397,7508,4922,1148,14098,5621,3489,12789,9512,13713,17096,26636,9223,16413,7708,13548,7262,3327,2445,978,1654,1075,1234,2616,714,798,1800,847,689,740,526,465,1110,1590,706,1277,783,1203,703,797,1802,3105,2562,468,701,742,1701,1533,283,484,1162,1089,2261,1502,875,651,340,642,758
"hsa-miR-195-5p",8624,25952,14900,9866,11151,14324,13952,10362,8655,9895,3483,8359,4167,11614,1660,6516,1411,4506,1865,12371,2992,5431,6113,11611,6756,6984,15551,12256,4694,8873,3796,16679,3161,24758,14842,9914,2935,23980,1710,4908,12510,20472,15767,10941,1097,11509,1215,14221,3315,16398,2822,8744,3964,18696,4952,7990,34941,48862,3999,4239,8149,15826,3531,16551,3668,3746,3528,1159,3395,1975,2534,1818,1602,1504,2164,2068,889,1828,1770,1551,2580,1587,988,545,838,314,1802,1169,253,1205,383,141,419,231,324,3428,1705,127,923,472,428,894,179,75
"hsa-miR-769-5p",485,405,525,155,491,299,328,104,190,219,488,113,482,327,318,236,437,148,404,192,289,229,518,205,333,152,376,253,282,190,546,165,754,180,283,158,951,320,390,142,416,254,429,222,245,268,450,171,349,312,394,234,473,233,769,213,332,256,486,304,626,265,535,91,419,134,104,452,95,433,395,592,471,514,477,488,465,587,592,465,525,568,599,510,257,113,104,184,213,490,1031,619,1614,633,499,562,405,649,1049,797,812,482,1318,1141
"hsa-miR-3679-5p",41,21,34,11,20,10,20,16,39,13,84,5,69,32,30,9,25,5,40,11,10,7,78,11,28,11,14,20,52,14,72,20,24,12,24,22,25,19,104,11,21,21,37,13,30,22,65,15,9,26,96,32,55,5,18,17,51,25,87,11,38,13,60,20,0,0,0,0,0,0,0,0,0,0,0,0,0,0,0,0,0,0,0,0,0,0,0,0,0,0,0,0,0,0,0,0,0,0,0,0,0,0,0,0
"hsa-miR-100-5p",82495,175807,105832,148794,188030,268754,266421,175122,158514,186781,141160,300480,29893,217147,71830,218540,137316,102307,10010,223007,148880,298551,180621,180300,381450,271088,266453,300065,34730,288260,74784,155116,44395,366346,45705,249598,162316,369273,116106,144442,209525,385164,398321,141883,399931,289059,61428,131558,465768,330789,67969,173682,252606,235371,123751,206031,263612,274058,196187,329990,129614,265304,88270,203429,47605,33779,18160,16286,20488,24884,21590,46145,31522,20991,35922,58633,13123,12701,11371,12218,14674,18886,862,843,7579,3869,15970,10018,1145,14963,3217,2486,7237,4141,12346,55795,1112,34,3052,3621,2333,15253,2362,3134
"hsa-miR-365b-3p",1263,3537,95,71,19,218,1419,848,153,267,438,519,252,221,1169,468,31,48,77,80,238,403,72,176,434,814,90,699,1708,352,186,44,1192,706,197,32,601,101,481,141,896,81,269,871,29,143,38,107,523,800,92,83,920,41,30,96,369,79,38,409,1104,86,1579,523,140,258,575,218,291,252,126,142,308,208,179,207,238,167,243,253,165,225,268,207,303,475,244,382,95,302,134,78,97,389,193,185,140,175,162,161,166,239,110,111
"hsa-let-7g-3p",198,500,316,193,269,321,157,207,109,190,32,229,550,483,89,132,200,233,387,324,113,223,172,338,294,228,424,291,221,229,283,327,105,185,107,249,427,349,134,105,210,316,447,285,103,235,340,475,301,319,144,292,254,249,111,241,348,483,262,242,148,235,59,215,21,18,9,10,20,9,5,33,13,17,17,11,8,13,16,12,22,20,9,4,17,6,9,13,2,12,1,13,5,13,11,12,9,3,1,7,6,18,2,1
"hsa-miR-219a-1-3p",35,23,23,20,18,18,27,9,14,6,25,19,24,23,17,20,9,29,30,17,25,33,20,11,39,14,22,18,13,12,13,13,42,13,21,32,14,12,13,8,18,22,12,25,48,24,24,21,62,12,15,23,5,20,8,13,12,21,16,26,14,20,36,28,2,0,2,3,5,9,4,2,1,4,3,6,8,4,6,7,2,2,4,7,1,11,2,14,2,3,9,2,2,2,0,1,6,10,10,5,8,1,5,4
"hsa-miR-299-3p",78,93,45,33,52,92,74,30,37,12,104,65,19,150,1151,141,5,24,4,41,4,30,22,14,48,37,82,29,8,82,22,47,9,28,27,44,21,69,8,19,394,55,258,71,1,25,208,76,7,61,35,47,25,29,62,100,46,86,31,37,70,42,8,34,27,41,28,17,20,19,77,24,18,4,36,15,19,17,23,14,8,27,7,9,5,1,26,17,32,8,680,18,20,4,371,31,7,91,8,183,8,2,41,31
"hsa-miR-134-3p",12,20,28,10,22,34,40,8,50,28,69,33,24,40,509,75,13,18,1,14,5,27,41,30,15,12,32,21,8,64,8,19,5,41,10,27,5,34,11,18,252,42,65,19,23,20,34,11,12,34,10,22,23,34,39,32,34,31,35,35,29,17,11,18,4,1,2,0,2,0,0,1,0,3,1,1,0,0,0,0,0,2,0,0,0,0,0,2,0,0,7,0,1,0,2,3,0,1,0,4,0,0,1,0
"hsa-miR-148b-3p",2588,1248,2462,547,1493,1377,1972,754,1875,639,2393,754,1861,2020,2747,1438,1325,1147,3649,1608,1459,1405,2226,852,1000,1031,1839,1543,4614,1356,5300,1903,3775,1889,5029,856,2104,1104,1646,486,1499,1008,1455,863,7380,1212,1527,2116,1381,1375,1777,1318,2074,1125,1599,878,1473,1291,2176,1021,2294,1069,2336,1142,2148,2318,3210,4242,2418,2735,2365,2464,3446,3419,2131,2715,2508,2554,2403,3472,2030,3319,6938,8999,2925,5215,3070,7381,6508,3502,2903,5950,4476,10451,3100,2760,6089,3504,3603,3721,9519,3363,9391,6066
"hsa-miR-153-3p",698,620,4370,349,546,497,435,266,2726,237,1354,322,1903,289,213,318,74,116,164,165,217,202,215,146,825,210,897,494,564,697,136,246,301,361,298,376,1458,873,636,128,622,680,891,383,4607,270,364,533,170,259,525,446,174,598,342,454,719,575,203,537,382,429,491,142,21,15,15,5,25,11,16,16,13,34,19,20,4,12,8,3,5,15,6,9,25,8,13,1,8,10,11,4,4,63,13,20,6,5,7,4,6,12,9,1
"hsa-miR-183-5p",3895,210,4015,281,701,398,822,177,3205,382,20206,325,2385,249,1664,390,4184,121,1255,275,581,256,13908,144,97,78,747,899,15758,847,394,523,8082,568,264,269,842,662,6283,277,1363,545,878,587,1066,313,294,245,2715,524,6863,982,1678,598,2975,313,7497,68,1718,461,2602,601,835,166,679,417,61,1351,487,261,716,275,136,145,282,391,145,238,327,152,276,132,882,1021,3285,10081,381,2228,7141,607,1331,3548,6046,184,4587,1301,7503,106,4607,9559,614,531,312,390
"hsa-miR-126-5p",30377,21296,27342,27070,30521,29406,38481,27097,5534,7979,10541,22172,22952,26362,16451,14776,5363,8975,19082,18783,9913,20239,13503,23165,35819,30438,43162,28940,15360,19623,6585,21187,10547,14256,22122,31892,15025,32106,5681,5892,26658,21235,27295,36465,12452,11914,23569,36204,10027,13832,57332,23472,10302,18059,24819,26518,31084,24733,17483,15289,39242,31053,14444,21128,32541,17070,26227,28164,13202,44691,59312,39890,45828,54815,52900,38435,59067,59179,41106,61316,51505,47546,27460,31736,18133,8538,18825,14570,5358,45712,32069,18788,28954,41523,31765,41074,63237,36230,53065,50685,40332,35598,35043,48827
"hsa-miR-142-5p",2885,4676,2210,2993,4932,2540,1735,2702,1016,973,2020,1355,1456,1604,875,1794,643,644,720,2273,345,2056,2328,2415,1282,912,4520,2732,966,2242,1984,5536,5110,3228,631,3245,1616,4080,497,446,2395,4250,6118,2918,281,742,1361,6233,169,1832,866,3126,1083,674,1785,2808,11182,3965,2665,1356,3130,3071,551,1343,19717,16064,7913,12255,15634,24250,13828,32749,25379,16462,21786,12504,10021,15097,18974,10205,10371,17315,5525,4277,2938,3759,17861,9449,1639,8672,9295,18944,20612,2160,5266,13425,6104,10939,7175,7847,3194,14084,6218,9017
"hsa-miR-9-3p",66,43,3213,45,205,53,214,42,3098,72,3669,65,2503,81,37,37,23,48,118,117,101,73,63,36,88,27,366,70,81,68,82,174,244,92,46,68,37,79,55,25,54,52,180,117,3493,41,36,103,186,70,20,156,144,89,155,99,58,135,214,144,154,29,289,16,2,1,2,0,2,1,0,2,1,0,1,1,0,0,0,0,2,0,1,0,0,4,3,0,66,1,0,15,0,354,0,5,0,0,1,0,1,0,0,0
"hsa-miR-628-3p",169,118,172,83,135,104,101,63,211,78,467,108,111,69,214,103,161,46,597,53,81,142,464,151,232,54,217,140,184,168,136,85,308,140,78,101,86,113,277,115,270,136,173,97,250,172,144,107,45,107,351,104,209,89,181,79,207,62,199,80,154,74,100,50,11,4,5,12,0,4,5,2,11,7,15,9,18,7,9,1,8,3,3,2,9,26,5,7,5,7,5,7,6,6,12,9,9,36,13,15,19,9,2,1
"hsa-miR-200b-5p",68,288,99,218,129,266,223,72,707,246,61,199,137,98,101,253,139,48,70,68,297,168,1215,193,188,96,35,131,119,369,1416,597,67,633,213,401,539,259,163,100,639,774,232,334,143,294,8,172,23,354,323,222,72,426,164,131,1244,306,83,493,287,359,55,200,29,25,6,8,28,11,12,12,9,7,21,20,11,13,22,3,2,7,29,14,1,0,4,6,21,2,2,5,19,13,47,7,0,0,2,15,1,0,2,0
"hsa-let-7c-3p",7,18,8,33,26,45,38,19,16,17,33,35,4,44,5,15,6,12,12,7,35,79,10,17,51,56,60,124,6,89,4,14,13,15,11,19,1,40,10,15,26,65,14,31,44,27,7,48,52,29,9,48,12,69,10,15,10,48,11,60,10,26,5,23,15,7,11,3,7,4,11,3,13,9,3,13,4,11,7,9,11,5,3,4,2,3,1,0,0,1,0,1,8,0,0,6,3,0,5,3,6,6,0,0
"hsa-miR-330-5p",328,137,731,166,351,89,248,64,1194,96,645,111,586,188,186,117,608,129,218,125,170,88,404,126,284,60,305,113,375,189,335,326,962,282,101,180,330,183,1165,108,224,191,418,144,1006,144,102,125,122,150,452,169,712,152,379,183,331,139,814,219,307,156,120,48,40,0,0,23,0,33,23,48,7,19,21,28,19,24,25,12,16,25,21,12,25,9,0,8,23,63,48,49,85,43,46,46,34,38,25,56,77,10,41,28
"hsa-miR-556-3p",331,21,114,32,20,42,57,20,12,21,20,75,158,114,42,37,3,23,76,34,41,138,51,47,48,46,65,64,125,68,35,25,32,19,89,43,13,33,13,35,51,37,3,32,273,58,30,47,65,30,28,27,43,58,19,21,44,62,45,97,27,16,152,39,2,2,13,5,5,9,3,2,5,0,1,4,4,3,2,0,5,3,15,12,13,41,2,1,9,5,4,27,3,3,8,1,3,4,10,4,9,2,6,2
"hsa-miR-656-3p",221,225,149,154,328,236,353,153,114,74,410,227,37,274,3464,433,45,86,24,135,10,146,192,69,128,161,215,133,62,446,37,97,43,143,48,127,36,144,87,57,2267,178,571,157,10,95,455,260,20,136,110,141,91,91,264,298,325,294,290,214,377,285,32,184,12,21,10,1,12,9,14,4,7,8,15,9,3,4,5,1,2,7,3,2,0,0,6,4,4,6,97,2,4,2,180,21,1,18,0,78,2,5,6,2
"hsa-miR-216a-5p",799,213,188,35,30,78,2961,366,17,44,2600,79,65,88,38,23,40,13,279,58,650,28,904,224,13606,91,137,105,358,71,5309,274,17663,718,177,43,32,311,490,20,70,56,92,226,226,94,11,64,9,45,14,28,58,14,408,19,436,96,77,96,418,48,983,95,2,2,0,1,0,1,5,6,9,4,0,1,3,5,3,7,2,3,29,22,3,124,106,2,3,59,0,0,6,37,1,6,64,84,26,0,2,1,93,77
"hsa-miR-579-5p",267,28,36,47,40,37,72,31,20,24,58,65,80,51,74,51,45,29,167,55,90,55,95,57,177,37,97,61,60,47,90,28,178,31,64,52,22,46,69,13,43,46,41,35,174,41,95,25,50,27,30,47,55,39,45,43,85,53,53,90,79,26,196,25,0,0,0,0,0,1,0,0,5,2,0,2,1,1,2,0,0,0,2,2,0,0,0,0,0,0,4,4,1,0,1,0,1,2,1,0,5,0,1,0
"hsa-miR-339-3p",1861,578,1691,491,1367,851,1052,327,347,455,1042,499,1494,1165,1803,997,489,435,818,541,849,682,679,318,1006,395,2101,733,1640,564,805,557,898,551,531,334,1229,1047,1143,263,847,360,700,442,1167,606,1109,261,1056,570,1221,512,1153,568,1724,731,2090,1033,1637,1272,1400,487,5296,599,195,103,99,172,113,194,161,224,139,129,191,184,114,140,200,126,96,174,547,592,205,220,75,218,358,236,390,245,201,331,266,198,220,220,397,118,280,184,337,242
"hsa-miR-301b-3p",234,45,160,24,95,35,133,10,30,6,2337,23,106,70,378,59,24,9,293,13,55,21,50,6,61,11,305,46,386,44,79,47,209,25,350,19,135,49,76,7,103,35,74,86,91,20,678,39,21,20,1149,82,61,8,127,21,74,20,53,24,301,31,325,12,0,0,0,0,0,0,0,0,0,0,0,0,0,0,0,0,0,0,0,0,0,0,0,0,0,0,0,0,0,0,0,0,0,0,0,0,0,0,0,0
"hsa-let-7g-5p",94784,184709,293351,162574,255074,256888,248312,144572,227826,145067,136508,239928,255682,226589,148647,156276,139174,124548,408572,221393,186909,190332,213570,199538,182422,140124,397478,238846,296297,211434,253136,184608,245374,222403,184141,222199,233693,220476,124735,139945,202812,226677,272167,135343,243073,183414,243817,153113,339804,259810,133145,139224,233355,250737,76765,152278,238260,226525,235323,233538,97033,158708,57741,122830,17679,12514,15519,18499,11663,26740,18409,21936,29503,27780,19596,21409,20277,20612,23270,20360,15880,27208,19762,18992,22648,5859,11974,15847,1225,22861,5528,7248,13200,45980,25387,22095,21599,7925,12115,15008,18468,27823,5737,4905
"hsa-miR-93-5p",51525,18364,63086,15870,22719,12910,24779,10224,25682,12181,68879,11236,24635,14737,40686,20658,16767,9290,74714,15332,44145,15342,47640,11565,27567,12886,30487,15270,116136,18687,173464,15396,48004,14543,57777,17670,28141,13732,44039,11526,29242,19755,26560,12080,44416,19932,56212,17309,24637,16288,60532,19836,24718,11662,36091,14992,28037,12615,31362,18458,50057,17724,41237,7294,1737,2423,2272,2878,2103,1917,2001,1861,1678,1986,1372,1808,1595,1956,1989,1542,2790,2129,4824,6423,4700,5874,3576,5209,6957,3983,2477,4733,5048,6878,3962,1330,6147,3523,3696,4978,11543,2928,9696,5686
"hsa-miR-141-3p",1453,4659,2330,3681,1430,4188,3198,1520,38464,6225,1217,3747,1916,1313,1186,4679,3592,1503,737,2610,3034,2466,19505,5330,939,1576,633,3229,857,3100,4494,5924,577,4479,1995,4985,4321,7221,1355,1710,5293,7327,4096,2976,1003,2130,269,3488,220,6722,4828,2905,2035,4695,1978,2944,6124,4681,1762,5640,5258,7977,382,2087,136,521,206,104,982,189,254,451,1123,96,452,829,99,570,157,77,124,201,103,46,71,77,196,113,33,78,180,170,232,45,34056,758,147,112,51,80,42,68,28,25
"hsa-miR-192-5p",752260,526640,593204,531893,271033,648883,816467,426825,64094,288557,60208,870304,491930,732779,477568,569061,56167,357396,757901,498453,1195878,935752,370036,558103,1295284,819982,612070,1175776,1588699,1192069,712819,309903,558584,415319,895648,788725,95451,633857,213559,475740,840289,793452,89373,568501,1188926,961719,1851529,573955,1973961,735977,309035,611879,819708,848232,518114,418764,382281,567056,702076,1043058,277083,566158,1454202,453330,163589,423750,731416,353618,409106,452004,401996,426035,607054,810428,314417,331796,929850,550563,551317,708651,597443,840002,1009588,849795,666904,1127939,216924,209044,455354,402590,350029,303557,199343,627115,512214,69347,543608,323553,883850,331655,265680,1007407,465007,521032
"hsa-miR-124-3p",80,162,18508,44,152,107,2682,129,206587,71,2118,476,25387,1631,50,43,39,930,1463,1078,1387,72,66,27,1000,91,1510,101,3,21,1593,1158,3,119,5,51,68,156,16,8,16,20,2510,1828,18200,64,16,2162,1581,64,70,2571,54,75,36,1022,350,320,99,1908,191,59,2689,44,0,0,0,0,0,0,0,0,1,1,0,0,0,0,0,0,2,0,2,0,0,0,2,0,11,0,0,0,0,0,0,0,0,0,0,0,0,0,0,0
"hsa-miR-551b-3p",37,40,1130,35,1251,21,28,9,105,5,649,9,133,6,32,3,10,21,588,12,5,5,105,31,49,3,158,19,554,8,25,26,839,76,5,17,27,37,287,11,18,13,110,87,98,59,4,42,14,19,23,25,160,16,49,8,12,10,185,103,527,8,35,13,2,0,0,1,0,0,4,0,1,3,0,2,0,0,0,0,5,1,48,54,17,0,0,1,1,16,45,56,16,34,4,3,22,35,73,21,0,2,59,22
"hsa-miR-1260a",218,138,99,98,148,616,114,256,57,63,59,285,291,298,86,126,235,55,188,159,1087,358,69,240,193,320,290,495,48,105,460,267,61,84,19,542,164,542,70,10,69,129,283,911,32,195,389,196,324,179,1013,359,399,143,202,296,253,240,372,162,354,304,215,281,335,242,350,201,201,109,74,378,139,247,131,125,251,147,185,226,102,258,1046,996,119,568,412,600,460,124,109,250,158,255,128,110,384,184,243,335,264,296,887,166
"hsa-miR-181a-5p",90926,94292,177020,78907,120873,130051,178299,56951,207809,80898,176741,108836,114923,100384,119888,102711,128929,50231,59638,63782,58862,87620,222419,102426,113965,61462,185540,123503,61056,133722,96578,113620,275542,174712,48468,112591,63591,194297,250454,82665,148486,178765,288220,73656,93424,93467,48359,56378,52617,157881,157641,90329,104453,192097,108612,100125,333014,135699,140703,153925,156140,139748,47791,63581,55460,101193,112112,46687,91551,55589,53531,80410,41416,56590,48574,49152,54175,79039,76972,60290,39629,68593,104414,93510,34357,27133,90626,60733,42173,48561,30625,51922,47208,26019,50920,70775,57844,48664,30295,107711,50160,58959,51036,43981
"hsa-miR-93-3p",278,234,471,103,111,143,211,79,387,103,429,73,163,190,322,255,78,94,301,119,319,156,284,57,113,98,178,177,557,97,1519,157,167,158,251,114,261,131,170,68,127,134,152,113,125,103,118,121,156,123,127,173,163,92,179,77,144,159,196,183,310,98,518,91,26,17,21,19,20,21,28,10,18,18,15,29,11,22,16,11,13,11,27,24,42,57,32,70,127,52,63,56,76,20,83,41,52,59,84,52,99,10,95,40
"hsa-miR-942-3p",95,10,30,11,16,12,19,10,7,13,110,8,29,22,41,13,36,8,39,20,22,23,89,29,59,7,116,23,55,24,35,9,153,14,16,25,16,32,75,9,30,25,39,5,39,17,103,5,20,27,37,43,63,19,20,18,36,8,56,20,633,9,102,9,0,0,0,1,0,0,0,0,0,0,0,0,0,0,0,0,0,0,1,0,0,0,2,0,1,0,1,2,0,0,0,0,0,0,0,0,0,1,1,0
"hsa-miR-127-5p",11,29,42,4,24,19,19,6,62,4,26,5,29,46,268,46,4,14,6,39,2,6,15,6,7,8,16,4,10,9,15,44,7,34,7,3,14,14,9,10,266,8,149,5,16,9,18,29,1,28,10,11,10,10,16,34,16,19,28,5,25,9,2,12,29,21,20,23,33,11,32,18,13,14,9,10,19,11,14,24,8,12,1,7,5,1,23,18,8,13,366,8,17,3,181,62,6,41,4,180,9,8,18,13
"hsa-miR-27b-3p",205556,251825,261061,197654,231547,372995,376989,258172,365429,174819,232109,315007,238922,371699,303447,263268,216808,202351,280212,260714,466421,310779,310314,324611,396887,258958,263866,403828,382152,361070,162055,212970,167776,241947,404839,259591,356587,336432,141594,180005,276059,287845,225201,237682,385533,392460,207526,277670,506546,460388,217404,248639,153616,275736,162986,177496,303285,253956,161027,350571,191509,276602,435238,307639,82397,89069,82928,95736,83030,129485,87094,191789,165630,159501,105953,124612,248877,153883,176492,151167,117068,198496,108997,119234,90391,43019,64851,77296,47167,66095,47961,101736,113743,200135,76099,79949,155727,64439,107403,174389,150200,257991,127089,131823
"hsa-miR-26a-5p",679911,620662,839830,608914,858009,708990,917639,554206,912468,729811,862864,1096050,568647,708345,438962,946487,344932,357636,859617,479492,942872,1326964,840189,906044,1138715,624638,1034423,1258639,688578,1496886,626891,468554,730044,1075422,922305,828485,378615,1350587,543540,667652,829274,1212496,349721,532109,2760940,1123540,522957,571466,958314,1199665,346882,637782,592516,2235147,568708,603023,1061397,1197339,554067,1257969,537848,828000,599264,510347,167671,206213,246293,140479,156366,186508,156517,196187,164849,195203,114225,152673,173362,245852,228676,304904,163817,177958,239947,163249,76350,97012,160763,96634,100086,67327,81757,269083,65373,71577,53158,233348,152184,71137,120850,86557,118401,183556,185005,181015
"hsa-let-7e-5p",3708,8065,8167,3377,11385,6247,4813,1629,25146,7849,8292,4680,10328,5125,8820,5972,23122,3024,6669,2063,1283,3959,19577,5317,5291,1885,5504,4414,2831,8373,5418,3818,2638,9417,1153,3593,4177,7781,6404,2350,7231,7286,13038,4552,4785,3573,1798,3325,789,6884,11157,3745,14869,7245,5265,4880,10399,4571,17377,4857,6498,3792,2178,1912,3502,3481,3634,2191,3555,2182,2931,3025,1628,2512,2959,2620,1751,2550,2937,2070,1711,2922,3043,3243,2983,1561,3534,2472,302,2071,1364,1062,5835,2862,3202,4807,1012,2335,1644,2637,2725,1789,2700,1374
"hsa-miR-409-5p",18,37,31,8,18,10,33,2,38,6,73,15,4,32,1049,129,3,10,4,10,2,13,25,3,19,6,19,9,5,27,5,17,7,16,7,5,5,8,15,7,371,8,48,12,17,7,29,12,10,8,8,16,27,6,17,21,8,7,18,13,15,4,3,9,112,62,18,32,38,16,156,70,30,18,137,43,6,4,5,11,5,8,5,17,12,2,59,40,4,24,549,30,52,47,3850,124,9,81,2,179,5,6,30,20
"hsa-miR-135b-5p",467,337,1901,365,917,632,675,217,87381,1166,13818,399,509,267,6272,642,4584,165,1156,878,167,339,11560,1341,271,543,251,571,180,641,18355,1103,2705,1935,2360,234,2193,334,589,260,542,665,1468,330,640,276,147,247,85,734,1444,565,2009,384,2101,724,5558,357,1719,772,2718,202,4144,372,10,11,2,5,10,11,0,7,5,1,11,4,9,3,1,7,5,3,0,2,3,1,4,2,2,5,9,10,13,0,60,21,0,10,1,4,0,0,3,0
"hsa-miR-652-5p",44,11,32,3,24,12,5,6,13,10,33,3,23,14,34,9,32,5,35,18,4,5,24,6,4,2,16,4,81,2,55,16,40,19,22,4,118,5,39,11,10,6,76,4,10,10,59,7,1,7,14,8,55,14,28,8,9,16,104,9,27,8,45,6,5,5,5,5,5,4,11,8,3,9,11,14,9,18,5,7,8,2,9,17,6,33,2,0,7,16,7,15,3,13,1,4,14,61,14,22,34,2,9,7
"hsa-miR-576-5p",1597,335,1317,921,397,317,491,357,386,428,962,460,574,536,650,252,350,445,661,736,658,799,1602,815,1500,287,1756,572,619,501,270,558,1169,178,439,542,89,428,241,322,346,344,233,903,470,410,247,741,1120,336,381,788,741,364,523,259,765,400,367,1065,409,321,933,275,45,66,103,59,82,58,38,57,69,69,40,31,59,63,52,92,63,56,47,49,51,92,43,58,152,23,30,63,40,40,35,30,73,54,61,23,74,92,32,41
"hsa-miR-744-3p",66,62,131,43,32,77,122,43,46,34,79,101,20,75,61,58,36,27,59,26,147,151,77,47,50,116,127,190,116,160,28,29,71,65,133,92,16,115,37,42,105,115,15,101,124,84,39,70,45,62,82,125,41,84,50,31,35,65,40,242,76,70,339,75,13,11,14,10,10,16,8,10,18,9,13,11,8,9,8,7,8,15,12,12,4,7,6,13,30,15,11,26,7,15,4,5,16,7,20,7,18,28,17,20
"hsa-miR-3615",1020,311,1052,432,432,277,4055,678,270,402,2184,711,474,594,1156,909,351,625,891,551,1042,1091,1230,620,1646,333,811,802,981,649,970,1512,3805,1124,382,577,474,983,476,113,716,401,379,1038,165,223,485,520,900,517,856,744,1401,517,1043,879,513,264,1896,1163,453,405,1130,401,58,0,1,104,0,42,33,60,37,37,57,56,92,39,51,48,47,50,44,61,58,6,2,10,2,42,105,69,67,27,102,48,138,76,57,68,87,72,40,26
"hsa-miR-708-5p",84,302,680,186,207,156,34,74,5001,262,1966,179,336,68,198,128,396,47,77,98,20,67,1121,183,168,99,72,170,97,83,1334,459,451,242,18,118,274,402,4223,177,212,307,1657,93,392,90,11,64,29,261,105,115,214,357,433,154,2098,401,426,280,306,128,31,46,23,21,18,1,33,14,1,10,1,1,17,13,1,8,5,1,35,15,53,44,22,1,51,24,234,22,8,13,27,1,3,76,0,0,0,7,7,2,2,20
"hsa-miR-214-3p",5675,22198,8032,4611,6081,11347,4379,6135,8539,6181,4953,5635,3013,8183,4392,11934,1697,2292,777,4810,733,9058,4958,8467,4089,5528,6328,6896,1572,7067,2224,7875,925,21865,158,5397,2295,16669,8970,2775,7321,14474,14493,6398,230,6719,719,3653,409,8255,3153,5386,2300,11631,6608,9786,9453,20702,6195,7806,8364,9303,489,5845,1015,737,543,319,781,326,445,483,183,323,425,437,178,327,382,404,572,333,21,22,122,6,453,499,113,145,125,114,125,41,137,1142,28,31,57,181,139,221,78,20
"hsa-miR-181a-2-3p",419,200,1290,343,490,398,560,112,133,373,481,309,141,155,738,467,141,120,213,114,791,831,1089,288,1011,213,1208,892,259,1445,100,138,128,184,152,371,66,1291,254,152,819,834,63,494,498,773,336,358,824,660,822,616,452,923,679,225,2034,165,319,1101,1099,571,309,135,660,526,527,579,404,436,383,539,406,648,467,507,497,679,720,671,472,734,2515,3012,263,145,457,436,1214,342,202,404,698,191,666,596,879,142,613,1404,788,620,2174,668
"hsa-miR-30b-5p",40620,55877,59964,22707,39670,25796,45930,25991,11950,13377,14002,19101,68775,36578,13737,23747,11325,11852,34084,16594,63280,23210,15342,16004,13174,20355,31430,26159,43597,24258,42848,19183,15637,25907,86149,25293,21838,19504,15981,10480,37415,30228,17739,27322,44412,22238,8596,32868,26137,22284,27325,29365,27099,25031,30774,17358,31405,42698,41391,22803,26924,15804,24241,18999,2981,359,549,3711,353,5592,3415,2998,5677,4238,3216,3186,4286,4107,3034,6086,4875,3257,2049,1494,2217,605,344,835,1055,2725,1540,1599,1349,5287,3818,2010,2223,5264,1852,3906,1747,4219,1042,1080
"hsa-miR-7705",68,47,51,45,37,27,59,37,267,37,93,41,39,41,92,58,104,38,86,113,153,47,141,94,50,18,104,28,171,42,92,67,165,59,92,45,87,62,62,21,45,40,105,44,45,28,22,36,72,70,78,54,162,38,93,80,77,46,195,45,76,45,91,37,13,28,13,17,30,17,9,16,13,15,9,15,24,9,17,12,11,6,16,29,21,26,18,15,26,15,29,26,23,1,25,16,10,18,30,23,6,10,9,5
"hsa-miR-328-3p",1625,2683,6520,2582,1583,2088,3758,876,6426,1201,1713,2939,4159,3420,2176,1210,4430,1429,3346,554,10526,1996,2966,1943,5039,983,6298,2171,1179,3002,1325,1158,4443,1640,3126,2746,1296,2840,2501,242,1496,1687,1041,3803,4166,890,545,677,4599,584,1431,2939,1423,1481,1689,1049,4475,2791,2217,5505,2935,725,11637,1515,100,79,111,104,113,63,47,106,58,48,42,66,72,99,83,74,165,94,44,37,48,102,45,78,32,31,48,20,25,47,24,72,21,101,96,40,54,89,17,59
"hsa-miR-30a-3p",2453,8119,4736,5649,2179,5915,2042,4821,4212,2890,1020,5678,3115,4879,1211,3605,8271,2710,4233,4132,2924,5034,4794,4473,3111,4535,4895,3759,2884,6150,1989,2947,1363,3674,3385,7350,2885,3614,6413,2567,2524,6989,7154,4314,2486,4503,1428,5900,437,4597,1391,3950,1574,3973,1723,3631,1727,5238,2650,5579,3268,7179,3223,3732,1087,803,911,1198,585,1186,976,240,1354,467,900,1305,977,1541,1369,1457,1753,448,796,752,642,87,459,382,87,525,195,84,398,137,115,1226,216,180,1914,354,698,419,49,32
"hsa-miR-409-3p",1051,1159,878,431,1077,1079,2390,347,1284,510,3386,846,436,2470,40380,4245,487,883,209,996,167,833,2152,541,909,496,1240,568,324,1848,262,671,259,769,252,771,285,636,632,284,17038,864,4820,863,212,307,2170,758,239,604,804,724,1161,412,1393,1479,670,314,1833,908,1656,767,189,235,610,90,69,470,149,226,913,381,325,280,728,309,452,274,397,483,284,296,49,204,87,5,101,159,169,247,6284,191,541,117,11113,797,185,1609,335,5372,250,259,525,311
"hsa-miR-181b-5p",19963,15772,29416,14869,27433,18298,27903,6919,32894,12926,34651,12521,20870,12634,21096,13487,17167,6734,12537,10987,7178,9735,47425,17607,25395,12342,28308,17466,17161,22969,27170,25838,56728,28123,6612,15466,14451,30140,56583,11057,29176,27309,49081,12017,16652,14816,15863,10115,5895,22554,31612,12644,26830,26865,25632,18761,75230,19379,33892,16257,33845,19429,7493,7941,2471,3665,3094,2121,3379,2308,1771,2342,1347,1363,1892,1999,2207,3378,3217,2120,2005,1693,2789,2987,1406,1254,2944,2541,3701,2572,1579,1672,3067,846,2701,3168,3339,2579,1679,7719,3283,1316,3872,1942
"hsa-miR-378h",24,79,23,32,27,83,72,36,13,38,25,200,19,489,48,77,59,197,18,203,223,83,45,76,78,61,59,69,155,146,1,119,146,33,49,116,37,41,120,75,36,114,7,202,113,172,17,147,190,77,22,346,31,107,42,27,48,138,12,257,34,44,52,32,0,2,1,0,0,1,0,0,0,1,0,0,3,0,0,0,5,3,0,0,0,0,0,0,0,0,0,1,0,0,0,0,0,0,0,0,0,1,0,1
"hsa-miR-4772-3p",20,27,29,37,66,43,36,44,67,50,30,36,7,75,20,54,12,28,15,52,11,60,42,63,46,40,74,85,21,68,21,141,72,45,10,56,53,133,40,20,50,134,36,47,28,48,17,86,11,85,14,79,101,53,31,41,65,51,131,52,52,61,12,25,1,0,0,0,0,3,0,1,0,0,0,2,0,1,0,0,2,0,0,2,0,0,0,1,0,0,0,1,1,0,0,0,0,0,1,0,0,1,0,0
"hsa-miR-664a-3p",1037,1485,1475,810,607,959,1006,918,799,624,820,559,564,1098,618,602,481,637,649,766,490,515,621,524,291,476,1056,1356,2658,467,803,572,574,585,1065,751,2090,602,972,491,1042,1043,877,760,1187,1627,382,1366,718,1384,581,534,854,597,900,889,638,732,1662,810,861,699,681,578,63,62,59,69,72,85,80,68,98,57,67,104,132,153,141,94,315,70,169,78,83,243,67,45,26,57,29,63,46,95,86,182,186,57,117,111,172,116,63,65
"hsa-miR-675-3p",1433,2025,22357,5036,4553,2833,8214,1595,36,1128,16183,3852,307,7421,423,1971,227,1172,44311,1198,392,3293,705,1518,490,2362,2822,2846,177,3850,613,904,932,2803,143,4005,264,2132,653,1129,12685,1447,650,4063,10622,2797,6378,5272,388,1208,7849,2408,139,2304,847,2261,3768,4187,337,7130,2330,2484,775,1801,100,17,14,19,38,25,36,43,62,22,19,29,19,33,25,35,80,50,3,2,6,0,2,3,311,8,7,13,8,0,0,1,2,75,11,2,2,8,1,5
"hsa-miR-103a-2-5p",261,226,357,101,245,184,135,141,59,70,189,117,131,208,407,126,36,88,215,128,271,140,73,63,85,86,207,226,280,93,69,88,52,45,426,171,76,105,107,76,310,186,140,123,287,169,256,171,243,114,130,171,91,111,168,66,91,108,150,125,132,99,260,79,1,2,2,1,2,1,2,1,3,2,0,2,0,0,1,1,0,0,2,0,0,0,1,1,1,0,1,1,2,1,0,4,1,2,1,2,0,4,18,20
"hsa-miR-3130-5p",223,31,49,57,47,37,43,11,23,24,144,31,45,48,47,39,40,27,70,47,29,56,70,27,166,7,204,39,69,25,39,31,178,30,83,42,43,31,90,21,32,26,41,44,53,32,52,25,46,21,69,59,65,27,54,22,33,47,59,65,79,24,144,22,1,1,0,0,0,1,1,2,0,0,0,0,0,0,1,0,0,0,4,0,0,0,2,0,3,0,1,4,1,0,0,0,2,5,1,0,0,0,1,2
"hsa-miR-624-5p",737,180,187,90,132,222,216,136,74,76,171,206,574,271,130,169,129,109,273,196,147,242,207,89,399,202,336,228,317,238,159,166,153,175,158,139,85,170,183,148,134,167,113,123,249,261,191,233,448,244,171,169,148,292,82,77,187,216,91,277,89,89,387,107,3,4,5,1,10,1,0,5,1,1,3,2,1,4,2,5,8,3,6,2,10,6,2,6,19,2,2,1,6,2,6,0,1,2,1,2,3,8,2,2
"hsa-miR-22-5p",442,1116,780,684,754,1334,1083,639,1508,475,563,647,441,988,486,701,625,854,1382,594,375,658,1192,622,1347,451,881,1132,638,469,593,694,743,1023,287,1043,755,569,1368,294,685,1175,1309,961,363,721,294,703,505,881,653,1089,1559,533,622,877,568,339,1602,929,1141,587,1124,693,43,38,17,37,43,33,20,51,66,40,40,37,33,18,47,24,27,49,32,49,37,27,33,56,14,32,21,50,43,49,26,99,55,34,79,23,18,70,14,16
"hsa-miR-618",227,100,100,40,25,43,202,78,15,32,100,45,108,117,47,43,5,32,95,35,484,99,35,58,403,96,103,59,70,97,50,52,3,0,353,117,8,91,6,13,50,64,25,163,623,102,157,134,232,120,219,152,90,92,196,74,57,37,109,164,90,96,221,59,19,0,0,10,43,32,28,5,32,12,7,18,11,11,12,14,19,20,44,44,38,0,0,17,51,11,41,33,22,16,10,12,16,22,29,16,19,9,6,5
"hsa-miR-3605-3p",129,34,151,103,109,55,113,30,44,49,332,89,25,60,134,74,50,25,96,53,203,112,86,79,144,78,238,144,296,208,77,62,151,57,152,126,27,160,71,27,118,120,28,116,114,52,72,85,140,50,146,132,158,121,105,75,119,39,88,155,134,108,317,58,15,0,1,26,0,6,11,8,9,20,9,12,18,18,19,12,2,15,27,22,13,7,0,5,4,25,20,11,12,42,33,9,23,36,13,48,29,24,43,20
"hsa-miR-130a-3p",979,2428,3148,1064,2576,1701,1146,1188,1258,1139,2695,1151,382,3190,359,1679,269,881,399,1901,446,1211,1100,1639,1193,1262,1441,2199,326,1804,496,1912,273,2455,592,1179,308,3995,634,1397,1455,2681,1761,1524,1222,1682,6685,4933,269,2726,2149,1860,594,2337,838,1875,1076,2906,671,1434,1741,1808,522,1104,3887,4898,3639,1516,4870,2848,2690,3581,1963,2623,3134,2861,1902,2601,2175,2343,3529,2570,1499,1948,1008,180,1771,1137,6710,690,1440,1608,3702,232,451,2246,322,783,562,571,326,2040,4149,3429
"hsa-miR-212-3p",513,242,1917,271,447,231,480,114,3080,244,839,224,1077,253,662,314,180,102,436,326,280,190,806,398,574,114,1182,233,815,401,232,572,3498,589,492,294,317,484,492,213,390,468,487,225,2263,243,274,264,254,254,812,260,828,437,854,478,636,391,930,539,697,332,520,150,61,24,15,26,79,17,30,32,18,11,25,29,13,25,26,22,22,11,19,4,27,16,80,89,16,24,25,66,25,26,28,45,20,21,40,28,31,6,28,29
"hsa-miR-23a-3p",92351,97483,138234,61783,169610,111057,190161,62560,465682,116262,162091,96500,120689,98718,104809,120832,395637,64205,60174,108192,24869,95419,440596,104288,111030,76501,201055,157142,191332,125919,360695,165454,133152,278081,82111,107321,444667,274830,276101,101057,156407,209070,184848,87282,55625,120527,33449,75200,53297,189392,145604,67882,289125,263645,194686,105639,220758,149343,249233,145575,196479,147448,62667,73674,2877,2900,2347,1836,3501,1768,1465,2262,1082,1682,1468,1521,914,1694,1694,1551,2007,1474,2730,1973,1511,1962,2780,2486,1352,1185,752,2160,888,1273,1042,3451,1443,469,1910,1389,1060,1054,715,703
"hsa-miR-125b-1-3p",118,385,159,227,291,221,102,112,113,149,105,257,104,210,98,208,81,59,10,91,64,235,122,62,304,93,299,235,22,231,62,111,20,172,4,228,100,332,92,55,137,321,543,169,69,204,87,77,169,214,58,186,214,155,146,159,382,207,246,148,177,147,50,102,229,48,35,62,46,139,91,123,87,100,92,184,71,98,96,59,66,96,5,12,32,2,30,31,8,71,35,24,44,5,38,345,9,0,55,73,38,66,19,44
"hsa-miR-185-5p",11167,8062,11771,5703,9142,7348,10521,4320,9967,4203,13984,5287,16679,9275,3181,2060,6879,4457,17494,4767,2478,2153,10571,6130,7590,4274,15441,10065,27659,8141,8193,5490,16065,10309,10119,6109,11695,10735,31327,5684,10603,7434,11982,6447,10027,8943,8747,4148,5877,9828,13033,6656,12511,6116,9603,7713,8886,5564,12323,8314,9188,4476,25899,5216,67,48,59,59,38,74,185,80,45,36,56,96,132,125,107,33,52,75,171,150,124,236,54,127,87,112,67,290,43,151,89,79,77,91,110,112,212,118,161,122
"hsa-miR-4791",44,12,13,13,46,27,14,12,6,6,13,20,12,4,10,24,13,14,30,13,35,21,21,16,17,11,15,11,11,27,9,9,84,14,87,13,19,25,25,8,17,19,8,7,10,21,55,5,8,19,60,13,11,22,49,14,32,23,23,17,22,14,14,19,0,0,0,0,0,0,0,0,0,1,0,0,0,0,0,0,0,1,0,0,0,0,0,1,1,0,1,0,0,0,0,0,0,1,0,0,0,0,1,0
"hsa-miR-132-3p",179,108,369,59,155,109,195,52,484,80,401,74,171,63,186,80,58,23,91,130,65,71,297,109,213,53,493,177,277,135,402,349,2714,739,146,101,347,285,231,143,202,179,482,49,291,134,73,98,163,300,255,65,490,450,303,138,209,109,300,201,182,145,154,41,450,366,271,209,611,194,174,301,117,156,137,129,112,126,169,190,154,134,93,61,228,174,636,550,153,137,161,415,128,135,166,329,192,91,206,189,196,120,164,181
"hsa-miR-24-1-5p",23,81,52,38,23,51,35,33,8,17,34,24,19,34,28,38,5,20,22,32,35,56,17,33,25,36,23,38,36,26,15,42,8,47,29,28,19,25,6,16,18,35,24,53,13,42,18,38,54,38,11,35,16,22,20,22,32,31,22,18,13,28,44,40,13,4,3,14,0,12,10,11,17,15,13,20,19,8,9,7,2,9,6,4,8,0,2,2,3,10,2,0,8,8,6,11,6,5,9,8,9,14,6,5
"hsa-miR-218-5p",3234,3251,16962,2713,5871,3162,4371,1020,22329,4570,35386,2398,4553,2647,4892,3458,2367,1621,2258,4042,838,2027,13628,3143,5336,1262,6002,1608,7470,3340,21061,5554,13553,7555,454,2261,4922,4568,24652,3065,5580,4429,20993,2016,7094,2880,538,1965,539,4560,4610,1682,4184,3827,8113,3726,21962,5433,4677,4023,11078,4825,1179,1254,224,62,46,55,64,105,64,133,73,86,63,92,39,80,87,48,74,65,54,46,32,2,117,67,14,100,79,62,76,123,33,252,291,14,23,80,81,36,44,25
"hsa-miR-216b-5p",442,44,10,18,6,24,1340,100,5,23,1630,38,18,25,13,11,6,11,46,21,489,32,228,62,9698,33,58,55,312,57,665,39,3644,106,68,21,21,154,389,12,36,37,28,104,200,60,1,25,4,25,5,12,40,10,201,15,206,14,19,76,223,17,387,27,3,1,5,5,0,9,4,10,9,0,0,4,4,5,0,0,2,3,42,71,22,762,382,10,28,159,0,1,25,76,0,21,143,211,78,1,13,1,171,129
"hsa-miR-382-3p",173,107,241,71,215,115,99,18,266,58,295,54,74,222,6417,645,22,50,11,46,32,160,142,50,164,37,232,133,70,416,55,101,47,133,55,96,36,168,171,58,4497,178,297,127,90,101,243,121,32,94,100,119,137,80,287,179,194,88,188,204,161,80,124,83,11,8,11,7,10,3,13,5,7,4,13,3,6,4,4,7,11,2,2,4,2,1,16,12,6,3,54,2,6,5,115,16,4,22,9,105,2,6,7,2
"hsa-miR-487a-3p",154,114,93,46,175,83,225,48,180,71,692,154,41,212,11700,1639,50,82,13,130,14,83,207,80,61,60,90,64,55,171,38,78,31,77,22,41,44,92,192,53,4974,91,283,61,5,61,841,74,15,164,88,82,198,106,437,257,95,57,250,112,151,82,62,59,15,21,9,7,18,1,50,7,3,8,42,11,6,2,12,20,5,2,1,0,1,0,17,14,26,6,416,4,15,0,813,27,3,88,0,321,9,4,7,5
"hsa-miR-3960",137,113,61,82,62,161,20,80,26,64,83,93,2551,206,53,70,53,34,73,48,45,140,86,66,87,95,103,81,71,84,209,106,56,143,18,87,204,141,21,91,45,111,49,99,80,61,154,26,25,65,90,108,82,91,84,70,98,321,171,56,144,52,37,272,1,0,0,1,0,1,0,0,1,0,0,0,0,2,1,0,2,0,0,0,2,2,0,0,3,0,2,0,0,0,0,0,0,0,4,0,1,0,0,0
"hsa-miR-122-5p",4804795,4855154,2543413,3239848,1359903,3437204,2299436,2478911,43245,2203624,119943,4176273,2374626,4023723,1321951,2972603,223101,1867958,4604379,1718324,3521305,3919411,1042384,3202198,2955944,3060117,1318535,3528180,2078130,4463124,432043,1511200,1393176,2091272,4462664,3875108,91565,1445302,514158,2372139,5642881,4687417,558990,2770589,5327035,3490660,1297431,3863929,1890610,3343219,2053139,4236498,281324,2073968,1186272,1453895,773809,2697428,519613,3547820,1651622,1539568,4212395,1716621,98422,86675,182898,269451,73730,291914,200033,145556,387376,499393,189032,270638,389393,249670,341204,341550,203308,525888,173413,134951,90230,160811,57278,98181,12013,72346,213457,33019,151939,554047,124412,53624,156686,301681,266364,279265,74537,623123,760716,637552
"hsa-miR-6500-3p",24,28,32,17,79,16,29,10,6,5,11,10,1,15,64,13,10,8,11,6,91,11,18,11,29,9,56,18,42,34,2,4,9,5,6,13,2,20,37,10,24,21,21,20,43,21,6,5,79,20,24,14,49,9,33,10,38,10,45,16,15,20,27,6,1,2,1,7,0,0,0,1,1,2,1,1,4,2,2,5,11,1,4,2,4,3,2,7,7,24,1,10,22,1,1,4,0,6,9,5,85,2,7,13
"hsa-miR-199b-3p",901,44707,1306,25951,54477,18361,22387,1113,42485,67665,42498,51609,3484,1340,6764,37574,20324,7528,1360,52943,2064,23073,101921,1971,246,11080,1567,60114,2900,15088,17962,1378,9188,181493,2436,9706,3300,97946,70010,15286,61753,67240,149035,1092,664,55444,3079,11942,163,34983,4717,7329,35742,136236,14745,79421,15543,107390,11483,569,12094,2948,2185,27850,9818,8368,8942,3053,6197,6643,6322,6202,3863,5810,8747,8619,2422,5198,4273,3346,6117,6074,525,843,2192,63,5123,3372,591,3301,2318,825,2142,553,1682,13719,453,253,337,1961,1260,2975,988,321
"hsa-miR-2110",1197,689,976,1394,955,1358,1624,498,856,607,2049,1956,938,613,939,940,592,433,1636,327,2048,1911,1323,1138,2258,581,1851,2023,910,2293,373,718,2783,1134,573,2307,200,2043,1803,405,1390,1407,754,1796,1284,1228,613,301,771,714,996,1108,1081,986,1474,954,1939,632,1504,2941,799,909,2596,1330,13,22,15,10,12,6,8,6,11,4,9,7,14,13,18,18,13,9,16,9,17,53,9,29,64,6,18,18,8,21,11,6,6,14,20,10,12,16,16,16
"hsa-miR-200a-3p",3059,8984,4175,6200,5845,10557,9311,2624,49372,10914,3911,8245,3761,3727,5714,8822,8406,2956,2891,4981,6772,5114,53306,7556,2656,3121,2832,8877,4585,8012,16505,13603,1562,8632,7298,10521,27133,16809,9173,4396,29826,15637,13488,8450,5954,7345,723,6846,547,20711,32543,7676,5820,14402,6955,4747,29458,7341,3711,14979,13585,16543,1208,4871,774,1512,314,208,822,1008,345,704,752,294,1008,764,208,555,683,226,204,344,326,259,120,86,252,132,277,103,89,116,593,311,2130,347,30,2,25,405,86,233,70,4
"hsa-let-7i-3p",824,482,466,731,908,1051,150,553,652,447,276,562,1264,1436,223,600,1425,432,691,806,98,586,279,656,351,496,877,1001,212,352,1672,1996,623,965,64,823,1599,1296,1161,101,297,945,2176,1142,141,417,1599,1056,191,620,697,586,827,443,775,877,2255,1423,1232,194,760,936,87,715,71,90,47,30,74,35,28,97,35,52,38,22,24,35,19,46,33,60,21,32,43,23,78,65,6,32,16,24,39,46,34,52,34,14,11,34,17,50,11,26
"hsa-miR-3944-5p",359,112,79,70,35,89,55,70,5,35,53,110,192,99,37,72,12,63,61,13,241,132,33,54,109,66,141,134,89,131,10,31,79,40,44,116,14,59,30,10,93,84,8,85,68,82,39,13,169,40,26,92,33,47,22,38,110,63,56,152,25,18,128,80,0,0,0,0,0,0,0,0,0,0,0,0,0,0,0,0,0,0,0,0,0,0,0,0,0,0,0,4,0,0,0,0,0,0,0,0,0,0,1,0
"hsa-miR-103b",238,28046,37095,6359,48314,1083,41271,4388,32373,16304,3781,20806,3157,25705,20199,450,19705,18585,18517,1202,132721,22782,35853,16354,10032,20747,25058,36622,51921,13863,7357,14797,16967,18276,10053,17622,21401,5324,2710,13926,10168,6984,6952,16901,14578,1316,6000,21242,38377,27744,33297,33306,13480,25124,25662,5183,1042,12789,19643,14879,3407,25400,71531,3979,0,0,0,0,0,0,0,0,0,0,0,0,0,0,0,0,0,0,0,0,0,0,0,0,0,0,0,0,0,0,0,0,0,0,0,0,0,0,0,0
"hsa-miR-30c-5p",16557,27601,24486,10881,10419,12582,8732,11822,6794,3987,5056,7072,12783,14104,4669,7337,4535,3635,6640,6732,8675,7990,4740,5149,6891,7080,6548,12018,13151,7277,8751,8196,4748,8711,17029,9578,9709,7970,7176,4449,8971,12447,11759,13556,10323,10496,5724,18403,3798,7081,2782,12738,5976,5521,5797,5842,10008,12101,10064,7100,7963,6466,8132,7121,4037,535,806,5149,647,6063,5278,3469,6165,5254,4530,6811,6172,6137,6379,6651,6369,5428,7152,7805,3186,940,369,1069,1430,6102,4067,1638,3288,3723,2291,4458,3500,2415,8812,2485,5798,6176,4276,3514
"hsa-miR-24-2-5p",146,189,398,84,166,93,173,34,301,68,254,74,172,98,110,136,231,42,69,89,49,73,269,83,155,64,218,115,237,119,263,134,182,145,98,71,938,134,228,28,130,147,255,105,35,72,66,66,50,54,173,120,284,99,295,93,205,143,327,101,217,92,136,56,99,7,3,37,15,46,70,45,32,28,38,54,21,27,38,38,24,43,40,44,64,12,8,14,8,75,45,52,58,44,62,108,48,23,59,42,44,21,29,40
"hsa-miR-3605-5p",11,5,12,11,14,14,10,7,17,4,30,10,2,14,6,6,12,7,26,10,7,7,11,11,12,3,13,13,17,9,22,7,17,5,7,4,10,10,23,7,11,8,23,9,17,22,6,2,10,13,11,14,15,17,9,13,14,7,22,17,11,9,20,2,12,8,5,10,2,6,11,16,9,9,17,11,13,2,7,11,5,7,12,9,6,37,10,20,24,9,20,24,15,20,20,13,8,9,16,8,16,10,36,31
"hsa-miR-188-5p",401,138,224,56,213,105,46,45,24,33,30,33,233,159,160,127,78,55,460,212,63,75,81,92,76,48,106,68,143,50,421,325,123,167,59,79,226,117,185,26,143,94,298,86,30,83,630,87,48,83,387,103,188,54,209,59,251,167,265,19,471,72,216,69,7,1,1,17,5,6,7,4,11,2,11,13,3,1,8,1,13,5,13,24,25,43,9,14,16,20,25,29,20,24,19,9,13,51,25,23,37,2,34,29
"hsa-miR-31-5p",340,520,743,148,1361,334,38,54,30161,1209,164,150,593,200,649,454,66848,299,1595,324,66,238,834,407,191,100,517,441,6719,235,28631,963,5391,1978,82,318,213272,2519,340,150,357,615,1338,285,310,246,71,144,70,825,29,100,14166,2933,566,254,2153,1696,16345,828,506,320,10582,184,48,32,51,61,74,11,22,48,56,12,38,28,1,43,19,7,63,37,16,24,5,6,90,71,1023,187,8,24,24,9,1,72,4,4,115,9,4,10,2,2
"hsa-miR-22-3p",88220,307037,142372,168630,156187,295763,229939,176367,235876,138052,59236,228273,135125,398188,74702,239146,142830,203654,520798,234296,195228,333535,130120,205694,273636,293582,368775,367927,178653,338832,129077,185099,139876,242379,73447,289899,168865,250002,227421,149168,140237,325140,252005,270477,135366,327274,45398,160764,204135,355813,183330,326442,236305,210764,136917,241366,136123,210075,253000,257595,148034,232302,196597,313940,95335,277418,198035,137560,281777,159724,101048,140863,247891,198798,152173,161469,206158,111365,146023,144328,99904,175051,126462,136258,122468,212041,123442,256915,35466,92413,80269,96668,57808,179036,51450,140860,166128,62685,133745,62245,64951,244546,50102,59220
"hsa-miR-223-3p",7140,10915,11338,9434,8684,10356,9217,21810,170953,9569,6704,5057,9750,17768,12245,10900,14100,5491,7211,15856,593,3281,99474,9619,3246,4625,11109,11803,5084,6624,21404,40582,7835,15779,4060,3266,63461,15663,35533,12041,6440,13743,58323,7318,3160,8173,3789,15980,964,21201,4823,8845,83883,11820,11649,13120,10505,11633,92511,6646,23193,4734,1987,4356,2182,58,20,637,38,1419,949,1324,1522,802,585,965,404,422,459,498,757,688,860,786,94,8,71,90,19,549,695,7705,820,170,185,1460,224,406,302,770,242,960,446,1647
"hsa-let-7a-3p",3173,3021,6149,3468,4105,3832,5236,3046,4220,2402,4131,5543,2537,2941,2328,1369,3710,2214,4087,3662,1450,2377,8682,3586,3035,2097,7782,4484,4423,3776,3432,3146,4111,3571,2781,2065,3098,4334,2763,2204,3279,3629,1891,2186,4746,3200,2475,3068,8634,5264,2142,3072,4285,4801,2111,1757,3554,2880,2372,5456,2315,2535,2512,2302,191,367,336,143,250,206,145,144,168,179,173,154,120,134,106,174,226,155,260,278,357,108,293,148,65,181,41,85,97,142,92,229,161,21,95,90,121,133,34,46
"hsa-miR-548f-3p",308,158,128,102,29,106,83,69,8,18,80,130,79,134,40,78,14,37,52,54,39,80,29,30,128,121,233,277,62,219,116,65,120,51,114,179,14,129,24,29,30,134,28,180,46,66,179,308,68,45,120,194,36,85,37,32,51,158,50,72,92,51,169,94,3,12,12,3,10,8,7,8,3,11,7,3,8,8,4,9,2,7,13,12,20,54,11,3,48,8,15,34,8,4,11,2,16,19,20,5,6,13,32,28
"hsa-miR-340-3p",1519,684,3000,1455,1027,800,1109,735,413,395,3369,1600,602,760,1154,817,586,504,1487,872,1074,1912,944,1006,1749,929,5359,1778,2984,1978,293,609,2063,520,754,1562,196,1241,827,380,1276,1268,464,2010,2163,1115,634,1132,1888,529,1387,1669,1396,934,1412,588,1191,657,976,1555,1043,979,1452,640,59,4,7,61,5,77,76,44,92,74,52,82,64,58,52,50,33,94,88,78,63,17,8,26,21,101,64,46,82,163,69,62,70,40,63,61,137,62,23,41
"hsa-miR-192-3p",1781,1894,2441,973,624,1654,776,485,266,744,57,564,1807,2612,738,1037,195,1156,1480,1225,2391,1515,732,1416,2929,2285,686,1991,4044,3058,2018,949,1065,895,2902,1586,291,1132,311,511,1726,2095,261,1800,1651,1192,3478,2333,5377,1610,468,2332,1507,2254,742,735,496,1709,859,1571,754,1202,2949,772,41,48,107,86,61,93,46,61,104,116,73,51,62,68,52,111,105,90,116,74,134,133,36,29,55,49,56,33,24,50,56,10,48,11,101,26,18,118,35,49
"hsa-miR-584-5p",263,302,344,372,486,303,1037,170,796,197,1393,287,164,440,233,328,133,155,229,156,317,339,737,258,710,175,1073,504,193,600,1498,297,232,652,143,352,260,747,129,241,351,569,490,385,580,578,157,197,419,485,578,296,303,480,388,437,506,194,359,499,496,426,1554,197,27,39,39,46,69,29,44,37,24,34,38,34,36,31,39,20,33,43,39,19,14,37,64,59,22,18,26,133,37,17,20,48,46,23,45,47,37,50,36,70
"hsa-let-7a-2-3p",10,32,19,12,15,35,31,18,26,12,21,21,6,22,13,8,23,6,0,14,7,29,12,11,23,38,33,38,7,22,11,20,0,27,3,24,7,28,10,13,13,55,40,17,45,29,20,18,40,35,8,23,28,16,13,7,32,25,12,19,16,19,5,18,0,2,1,0,0,0,1,0,0,1,0,0,0,0,1,0,0,1,0,0,0,0,0,0,0,0,0,0,0,0,0,1,0,0,0,0,0,2,0,0
"hsa-miR-337-5p",66,108,71,28,48,75,94,47,55,32,128,55,24,147,1822,308,23,47,21,110,7,67,82,67,56,51,112,66,27,130,17,104,23,100,18,37,35,158,56,80,992,73,233,79,0,72,110,75,15,134,74,68,77,77,97,117,80,84,62,44,100,75,14,36,9,0,1,5,0,11,8,2,3,4,13,9,3,0,2,3,0,4,0,0,0,0,1,0,0,5,91,5,7,3,140,13,0,28,0,69,6,0,5,4
"hsa-miR-193a-3p",1745,3267,1596,426,818,629,544,694,333,341,145,456,1945,583,617,474,865,334,829,708,1014,407,484,532,849,489,509,600,758,396,1683,734,1334,715,1117,383,7615,1230,454,446,856,833,1566,674,1012,968,3678,719,659,755,1338,646,582,609,556,401,687,939,632,538,784,455,1868,453,39,38,35,50,51,38,48,35,69,52,34,43,49,43,19,29,82,43,77,76,37,76,32,59,68,48,119,11,46,60,66,44,76,69,17,55,31,22,65,59
"hsa-miR-145-3p",150,298,298,84,170,185,138,145,266,254,154,169,112,126,71,223,69,65,47,111,53,168,174,179,251,91,330,190,78,165,61,125,20,298,38,142,38,372,19,93,233,353,135,174,36,245,28,153,32,264,71,176,158,295,149,140,192,318,156,231,106,135,57,92,2316,1494,1635,680,1214,546,855,1492,486,647,1519,1230,169,568,340,407,602,511,206,226,217,174,926,921,50,447,302,223,232,325,418,1266,117,108,127,203,236,276,97,75
"hsa-miR-1292-5p",39,25,39,25,61,30,61,16,16,30,200,45,53,32,164,50,43,15,116,10,50,25,82,20,29,16,42,47,177,55,41,10,215,35,47,27,53,38,38,12,63,25,38,23,50,22,139,5,25,29,184,40,84,30,157,24,56,19,121,57,49,14,180,29,1,1,0,1,0,0,1,0,0,0,0,0,4,0,0,0,2,0,0,0,0,1,0,0,1,1,1,2,6,0,6,0,1,2,0,0,0,0,3,2
"hsa-miR-7641",9,11,6,9,13,24,46,19,8,16,3,11,16,18,15,10,31,13,13,2,17,14,11,40,33,20,58,13,10,17,35,10,11,304,3,6,4,39,21,13,19,23,26,8,5,47,3,42,19,9,40,40,21,13,18,41,16,19,23,11,153,51,9,11,1,2,1,1,0,3,1,2,1,1,0,0,6,0,1,0,16,5,5,2,1,18,2,3,46,1,11,65,4,0,2,2,2,4,9,4,4,8,22,31
"hsa-miR-335-5p",2090,2541,1939,1439,1828,2518,1445,1936,4776,1433,1428,1201,1664,2772,712,1156,532,927,519,1631,446,1280,2106,1366,969,1424,1589,2433,1026,1796,347,1925,1536,1536,471,1426,212,1043,362,645,1599,1960,2942,2019,705,557,1476,2002,295,2112,1184,1254,765,1766,1777,2602,1122,2812,1531,1403,2446,1531,1104,929,743,596,626,405,433,475,407,226,520,397,647,757,548,277,489,545,282,379,246,192,613,205,314,314,1668,234,241,129,468,74,259,990,121,29,254,203,132,400,223,141
"hsa-miR-1261",256,94,50,36,525,143,185,93,54,200,473,317,23,22,108,81,9,31,21,68,306,735,73,17,751,283,981,577,73,428,32,73,496,64,91,54,33,174,51,56,187,1204,44,171,120,430,402,139,801,131,19,101,345,273,184,154,632,325,160,294,159,150,200,210,0,2,0,0,0,1,0,0,0,0,0,0,6,0,0,0,0,0,0,0,0,0,0,0,0,0,0,0,0,0,0,0,0,0,4,0,3,0,0,0
"hsa-miR-940",187,318,302,91,288,235,224,85,39,101,352,109,237,283,388,184,155,131,690,71,89,49,339,125,173,80,138,160,429,93,392,169,300,243,96,121,354,174,106,21,114,131,282,169,44,47,225,44,89,85,332,211,304,65,276,200,303,184,737,152,275,33,428,166,4,1,0,3,2,3,3,2,7,2,1,2,3,0,1,1,0,0,5,0,7,2,2,1,3,6,9,1,10,3,4,5,6,6,4,2,6,1,10,1
"hsa-miR-378g",5748,104852,4150,17961,6888,124244,118,1975,135,8824,57,187,1462,6406,30572,24339,158,64,139,81,476,4313,32247,17350,97999,184,172,138244,30904,341,3385,75,374,10718,185,162496,7766,89,21660,17707,5549,162679,1748,225,127494,47282,1183,3364,169522,176,54,124,123,2947,84,47,100,146,112,354,75,67,291,99,2,45,89,3,48,3,2,14,7,29,3,4,9,14,15,11,22,25,5,4,15,29,37,6,6,3,1,17,2,9,0,2,2,13,9,2,3,34,7,8
"hsa-miR-340-5p",7668,7525,12122,5850,4510,4707,4236,5482,3248,3148,9225,6227,5733,4157,3988,4216,2780,2423,4006,3369,3015,8542,2959,3959,3854,4109,9569,7483,7438,6495,1493,2259,4240,2384,3940,7267,1527,4992,1906,2478,3759,4955,4962,7783,6891,5402,2561,4622,5007,5645,3779,4819,3734,4202,4549,3798,4455,4025,6320,4765,2974,3743,4498,3248,1182,3175,5068,1242,2619,2030,1447,1698,3093,2911,1304,1532,2420,2347,1957,1844,2411,2772,2431,2568,1776,7984,3691,2403,2377,2457,1651,2473,2178,7271,1357,1415,3262,2038,1410,2242,6457,2569,743,1504
"hsa-miR-1301-3p",497,278,1387,279,651,308,570,93,230,210,1509,196,388,295,1217,384,277,205,1583,118,339,274,447,163,378,96,1263,397,1375,418,91,190,488,229,278,276,117,336,436,82,502,220,304,342,594,199,249,133,227,119,405,248,362,117,1036,165,727,171,278,359,527,120,843,146,46,36,16,32,23,11,21,44,9,9,19,19,26,13,10,20,19,14,36,44,47,156,34,115,176,25,53,145,50,156,97,33,37,151,60,67,213,10,62,37
"hsa-miR-32-3p",8,6,10,8,11,13,11,9,5,7,15,6,10,9,13,18,5,3,3,2,7,14,11,6,3,7,2,5,16,11,6,9,9,6,50,10,3,2,5,6,7,24,11,2,21,4,7,8,7,12,7,7,2,5,3,0,17,4,19,8,9,2,33,6,12,12,9,19,12,29,12,18,11,17,9,19,19,18,14,29,5,12,28,19,22,18,16,16,43,23,15,10,58,23,9,18,11,33,41,15,28,29,118,75
"hsa-miR-452-5p",245,58,357,62,114,76,26,11,79,22,24,24,23,64,60,26,106,67,357,27,400,15,93,41,297,10,250,73,1211,45,428,51,151,87,14,55,445,58,85,9,144,33,97,79,14,28,99,92,137,84,293,72,188,32,354,20,130,26,203,58,132,69,424,9,102,107,57,107,59,100,50,126,32,46,54,110,61,136,85,77,248,72,526,562,308,1168,137,34,7,384,93,88,169,17,22,103,820,145,917,246,4378,36,356,317
"hsa-miR-338-5p",64,95,26,39,92,12,77,66,374,32,39,14,18,122,9,15,27,6,64,73,9,8,14,25,77,42,150,122,5,129,39,2,76,84,41,174,11,153,14,22,24,255,1,87,114,193,219,1,9,14,107,15,201,88,120,31,308,43,239,10,22,125,87,57,10,14,17,14,5,16,5,8,1,8,11,5,11,20,14,11,30,16,5,0,5,9,10,4,40,3,3,20,5,6,3,1,5,5,3,7,6,8,2,5
"hsa-miR-625-3p",43,31,23,19,25,32,18,15,33,17,90,9,35,37,15,29,50,9,20,22,4,22,70,17,11,13,37,28,31,20,141,61,76,57,4,18,335,61,26,17,12,51,73,17,9,18,19,21,1,41,12,38,45,31,29,14,58,39,36,28,38,14,26,28,14,4,2,12,2,0,11,9,17,0,11,6,1,7,8,11,5,8,3,4,5,3,2,10,14,6,9,13,12,0,4,14,0,6,5,7,5,4,5,2
"hsa-miR-3120-5p",90,228,107,71,108,158,52,67,56,84,64,96,35,135,36,105,11,35,13,65,7,64,59,110,67,42,139,89,13,99,27,190,24,379,1,71,30,267,215,41,91,179,129,67,7,134,11,28,3,108,36,47,18,150,108,156,224,235,85,79,113,153,6,79,0,0,0,0,0,0,0,0,0,0,0,0,0,0,0,0,0,0,0,0,0,0,0,0,0,0,0,0,0,0,0,0,0,0,0,0,0,0,0,0
"hsa-miR-548au-5p",105,82,39,39,32,84,35,19,46,10,26,13,58,75,13,56,37,60,80,19,40,63,20,17,106,65,47,76,77,20,27,65,41,15,132,67,32,50,21,31,24,31,51,23,36,75,49,144,73,11,23,85,32,44,24,60,45,60,54,15,74,11,107,15,1,4,2,1,2,3,4,1,5,2,5,1,4,1,0,3,2,0,2,0,6,6,3,1,4,2,3,8,3,1,1,1,2,7,3,4,3,2,2,2
"hsa-miR-1287-5p",322,182,537,97,120,229,145,92,205,92,575,169,158,244,646,209,104,72,221,83,497,137,362,136,78,64,122,142,132,179,48,60,140,200,368,135,140,150,628,69,223,124,171,107,230,123,136,56,197,200,232,115,343,118,114,74,237,123,371,177,382,146,52,53,12,1,4,8,5,11,9,16,11,12,17,22,6,13,3,9,11,10,24,51,14,0,4,2,20,46,26,8,18,2,23,13,8,26,3,3,10,16,30,11
"hsa-miR-376c-3p",5933,7483,3689,3208,7891,9428,12883,4155,12931,5422,12700,6803,2704,19048,198929,25339,2650,6815,1296,8432,627,7715,9024,3962,3692,4212,7856,5214,2076,12445,1355,4033,850,3563,1705,3869,2783,7641,3130,5429,62559,5937,18118,4946,339,4920,12198,6340,1622,11821,4281,4881,7032,7349,12247,14685,3957,5610,10378,9369,6520,5432,718,3242,72,68,54,32,61,32,73,26,30,17,61,32,29,21,22,40,41,31,2,4,12,2,36,31,34,19,378,7,20,5,407,69,11,66,10,328,11,14,16,16
"hsa-miR-378f",4,25742,151,43,2,2829,29,36,12171,8,43,104,8132,40332,7,2704,1331,57537,9137,19841,36,45545,3,67402,16,13,86615,3243,35,75,1,3,28820,92,94,64,9,1789,14,107,361,15,16,21287,12,118,42294,60,20,4593,12444,33654,2,25,32035,54384,10,84,13,46672,805,25,78448,110,1,22,44,3,28,19,20,7,43,17,17,25,21,27,17,27,22,25,2,0,6,10,17,2,2,6,13,5,8,2,0,6,6,11,4,4,6,28,3,2
"hsa-miR-20a-3p",105,88,169,52,171,76,54,53,17,12,81,40,267,56,48,59,13,14,51,20,32,63,28,22,45,52,56,66,29,54,49,19,21,18,43,55,58,57,16,4,68,60,24,75,24,30,182,110,23,34,64,133,39,39,81,35,92,79,37,41,84,55,104,30,6,7,3,5,2,8,8,2,18,12,11,11,4,4,5,7,5,5,15,22,10,3,8,5,8,4,10,1,19,3,10,3,6,0,4,7,1,2,7,8
"hsa-miR-29b-3p",2079,2109,2357,903,1351,1812,2023,913,3219,1140,885,1076,1289,2278,723,1898,2477,1309,2674,2727,3325,1488,1286,1437,942,1140,3539,2189,1359,1690,3593,3845,4898,3980,9235,1126,3802,4421,1457,1160,1241,1870,3443,1648,1249,1324,873,3479,5236,3357,2763,1617,2977,2923,2724,1494,2387,4116,1684,1487,1745,1463,3689,1270,405,562,440,235,520,514,229,341,279,247,324,273,170,173,231,294,351,169,126,69,245,490,275,308,70,157,130,155,121,277,107,302,57,130,71,108,152,114,88,75
"hsa-miR-29a-3p",35942,41400,28487,21236,24792,30739,45913,19103,21675,13073,12333,22547,29241,42442,7887,20265,17938,13478,21529,13411,63668,20297,12980,10877,25922,26610,58143,31620,26215,36481,25686,19340,34824,21210,155656,28070,38109,40404,13235,10336,29927,47347,31228,38938,24563,16256,13330,76213,32689,19944,29434,35847,12657,23441,30277,17873,40789,61452,15608,29560,28736,23394,59348,18031,7560,7509,12193,5413,8871,9906,7068,5158,6443,4301,7126,6895,4192,5025,5102,6814,4815,3863,5545,4381,3756,9318,5785,10339,1731,3567,3094,2636,2848,3069,2365,6206,1526,1919,3814,3933,2548,3400,1873,1729
"hsa-miR-16-5p",175303,166697,208495,122492,208374,156346,245880,110749,142323,104850,245900,105930,262995,144877,81248,100525,100664,91116,224868,183665,178843,115535,203775,132259,206847,127199,309713,208898,440376,196824,228638,160112,246370,159741,200835,147459,244062,172277,177522,84815,134518,187185,169764,143315,72821,153207,67428,145254,241831,185416,65215,181355,184233,176293,79068,60321,269547,215507,79080,70577,216364,129441,276333,126005,18662,28117,35851,18097,31732,23844,32609,20276,22081,19006,18220,24416,17737,21049,22041,20564,20596,19977,41714,48279,47078,67742,48440,38060,39485,45745,26020,28510,15904,28295,18529,20640,36963,21212,35267,27737,23138,35108,11516,25098
"hsa-miR-454-5p",14,3,39,3,19,7,16,4,13,4,72,3,13,10,48,11,6,3,24,4,33,4,19,4,7,4,42,9,72,8,6,8,11,5,18,4,17,16,7,4,9,4,10,9,13,7,24,5,20,11,15,9,21,6,17,9,18,7,24,10,16,3,46,5,16,9,2,34,0,11,16,10,5,12,5,7,4,13,8,11,13,6,16,34,39,44,20,61,34,29,24,37,33,36,34,14,64,43,23,54,41,9,66,52
"hsa-miR-582-3p",6,20,8,8,4,12,12,4,5,1,44,5,1,7,5,17,12,4,17,7,3,11,7,0,5,5,18,8,15,10,41,9,32,13,71,9,38,17,3,12,24,9,18,11,15,8,2,10,0,22,23,9,24,10,6,5,4,15,26,4,39,6,33,7,74,210,260,77,116,121,178,120,104,175,115,111,164,109,90,127,138,115,5,9,76,43,178,79,314,76,389,506,142,180,200,193,52,783,151,83,35,182,511,305
"hsa-miR-7-1-3p",1021,609,926,847,848,650,906,775,1496,731,3856,1121,665,816,881,756,621,599,815,1168,1709,1004,2130,1200,2430,811,2215,1393,1277,1193,1007,1127,3033,1419,1202,1015,426,1438,772,537,649,1339,1102,701,776,1019,1431,1077,1250,1513,649,836,1531,1508,699,955,1528,1184,1302,1319,1469,926,2254,635,23,34,35,16,28,40,14,37,22,22,19,11,18,13,22,20,16,15,7,7,25,26,36,24,94,8,29,24,32,9,13,25,11,15,28,9,12,12,45,32
"hsa-miR-370-3p",62,194,95,37,66,131,187,49,59,19,340,56,70,208,2323,479,11,15,20,23,9,75,85,97,53,45,116,78,16,164,22,52,14,106,25,73,50,88,31,13,980,74,265,94,77,44,189,30,10,64,58,53,32,37,50,139,100,122,152,53,56,35,19,69,59,1,1,28,0,14,100,17,13,12,38,22,23,13,13,42,22,10,2,2,1,0,1,5,4,11,552,8,32,5,689,51,9,87,15,315,6,0,17,19
"hsa-miR-187-3p",3820,713,2186,395,255,762,122,443,448,297,2070,544,2205,376,1111,516,125,421,227,397,29,717,798,454,332,527,413,393,7399,691,725,286,156,278,17,429,239,578,225,354,604,682,549,674,1372,584,100,361,47,281,114,271,1573,480,178,237,165,737,2811,819,1536,295,1539,169,6,0,0,1,0,4,5,1,3,2,7,9,3,11,4,0,16,1,1,0,1,0,0,0,0,1,6,17,8,48,25,11,0,21,11,4,26,2,169,141
"hsa-miR-29b-1-5p",72,21,40,89,69,45,135,23,83,65,43,96,17,100,20,116,26,18,80,29,211,124,35,32,127,23,232,202,60,240,42,24,106,62,52,86,26,112,26,35,75,202,28,173,321,84,31,58,176,55,24,253,48,101,65,66,180,36,38,178,59,35,204,62,6,1,1,10,2,14,27,16,7,17,9,13,9,7,9,7,5,7,13,22,3,1,1,7,0,7,13,1,5,13,4,7,5,26,22,12,6,12,11,22
"hsa-miR-500a-5p",719,349,965,120,392,194,191,94,190,104,323,74,445,206,238,120,197,140,431,386,132,54,342,220,233,68,195,147,673,87,473,355,674,244,181,90,714,187,441,76,511,133,581,146,245,101,1145,151,139,115,334,175,349,94,359,175,329,232,413,115,638,108,592,99,6,11,6,3,10,3,6,8,7,4,9,4,3,1,5,5,8,4,10,9,25,42,11,8,17,11,14,23,10,11,20,8,8,19,19,7,15,2,20,23
"hsa-miR-1180-3p",2673,699,7996,1141,13889,2203,1623,404,817,678,15338,2458,1693,926,18862,3061,1772,990,14478,258,1981,1435,5621,1279,2100,387,2260,1371,4795,2193,1457,508,5497,1741,1485,715,542,1371,3864,140,3256,800,756,1595,1069,1300,9598,190,1267,730,13384,1275,3852,897,3738,672,2409,612,4696,2717,2577,606,20445,1092,37,1,3,44,2,12,38,16,7,7,21,30,18,21,41,9,19,13,59,83,136,109,6,41,81,64,146,78,118,135,86,25,285,266,196,69,393,29,398,183
"hsa-miR-3529-3p",554,162,332,324,206,166,292,93,367,191,6525,324,375,164,679,245,401,169,278,349,579,146,916,293,849,113,309,222,1042,260,575,190,2232,212,491,227,387,182,479,135,172,167,750,169,165,138,750,104,226,221,158,476,1757,187,347,177,314,164,1220,338,851,120,2131,133,0,0,0,0,0,0,0,0,0,0,0,0,0,0,0,0,0,0,0,0,0,0,0,0,0,0,0,0,0,0,0,0,0,0,0,0,0,0,0,0
"hsa-miR-411-3p",32,26,51,13,25,23,59,12,113,8,142,41,31,46,1556,169,14,19,8,19,3,38,25,22,33,24,45,29,9,99,16,18,3,23,8,27,8,38,14,7,376,19,52,29,53,31,132,22,5,33,20,10,31,41,32,55,23,27,28,40,43,30,12,21,19,18,15,17,7,9,32,7,11,1,13,12,9,7,5,16,8,6,2,2,3,1,10,14,22,3,275,4,8,0,265,17,4,47,2,71,1,8,4,5
"hsa-miR-122-3p",17715,14165,17800,19119,12238,17965,23265,16403,200,10946,1462,46784,4326,17183,8996,12406,923,8238,13042,5377,20410,34553,5792,14719,18637,27762,24471,32343,9003,47017,1211,4949,7903,9318,18718,37031,277,17567,2670,12626,14146,28786,749,23113,16492,24372,12457,16706,65927,18790,16526,23915,4212,27626,7079,12629,4451,12450,4542,59302,10786,18978,41109,12921,1435,3695,7625,2485,3642,3613,1354,2562,5454,5331,2789,1757,2541,1739,1669,4285,2364,4766,1488,893,1161,3247,1830,1513,531,597,1615,257,1129,1957,886,440,897,507,1285,752,204,6211,3900,3311
"hsa-miR-431-5p",229,114,168,39,200,82,348,34,212,36,1149,267,134,298,37982,3788,51,92,53,131,29,110,201,57,138,37,147,40,135,237,37,108,45,61,83,39,42,93,236,42,5131,59,305,82,71,64,335,51,52,90,233,86,198,41,246,306,160,39,323,105,225,53,37,71,18,1,0,14,7,17,80,19,17,8,129,8,26,8,5,57,5,10,8,12,5,1,4,9,24,9,843,4,65,11,3554,44,11,224,17,1837,14,8,45,37
"hsa-miR-627-5p",123,47,41,16,8,22,25,24,25,9,20,26,50,49,9,12,13,6,9,11,14,12,36,11,49,18,57,35,16,15,26,26,71,34,34,22,24,25,16,14,23,31,59,23,13,14,37,20,23,26,20,23,16,8,7,9,37,37,32,8,25,20,17,16,5,0,0,3,5,3,5,5,3,3,1,2,3,4,1,3,0,2,5,4,0,1,0,0,1,4,3,47,5,0,2,3,1,5,2,1,3,8,5,8
"hsa-miR-486-5p",520,1827,404,1228,712,1201,3621,1410,189,1322,479,609,1405,2088,1163,1869,132,610,563,895,462,1660,555,592,1139,620,1863,2338,454,978,3146,875,406,2715,174,802,3134,2073,98,2314,342,1333,266,913,354,2284,1782,2689,1407,1478,221,2067,402,1245,901,1797,365,1365,379,2394,510,472,460,602,17823,10580,24999,19346,6842,24690,140267,22728,16754,46446,23148,36295,31737,69159,52793,27532,68672,66852,28805,24422,3511,5786,24003,4330,8764,3483,7887,51482,5509,12471,1306,8781,115974,13484,8788,3247,5684,217680,15488,153412
"hsa-miR-361-3p",347,255,228,71,114,134,55,65,65,40,67,49,960,145,63,56,57,52,59,56,24,14,51,29,43,63,61,51,173,18,243,138,91,93,204,22,686,42,169,38,114,52,353,45,34,23,80,104,13,73,189,64,60,25,166,70,67,94,179,26,157,37,53,38,492,137,92,473,131,502,393,512,457,275,442,373,429,417,554,396,210,409,447,355,394,273,115,216,75,379,338,251,452,498,542,346,481,835,381,924,314,336,294,281
"hsa-miR-744-5p",1186,1369,1146,648,402,825,978,674,701,454,729,728,805,757,677,744,297,269,539,202,725,985,585,346,375,478,767,897,1144,1051,515,508,485,779,308,874,288,881,205,251,1450,1078,573,732,988,967,393,199,193,675,1017,708,795,746,1098,720,603,1020,1387,1396,531,329,3102,713,330,115,223,267,134,242,225,233,245,250,210,290,227,214,353,276,171,271,176,207,158,176,99,235,471,309,229,306,315,308,256,227,179,215,299,202,629,368,512,342
"hsa-miR-140-5p",6122,7431,16429,5055,7997,5508,6063,3245,7364,5165,7188,4819,8057,5372,5448,6596,3379,2230,5653,2732,8232,5910,9866,4292,15606,3222,9375,6490,11285,8013,7404,4866,10227,6000,8542,5175,7251,6980,6504,2974,6526,8997,8732,6994,5989,4415,6459,6173,2659,5675,2962,6795,6796,4672,4962,3913,17200,7292,7692,4752,6655,3218,18829,2880,99,52,39,113,36,77,98,90,90,99,94,109,82,84,103,129,163,65,120,123,168,89,46,62,50,103,72,98,90,117,40,203,89,121,216,78,278,48,71,50
"hsa-miR-383-5p",211,434,102,271,288,461,1033,127,113,236,287,344,29,207,54,285,17,131,5,286,16,145,21,59,319,173,781,159,5,899,1,132,129,151,57,80,9,255,21,193,263,688,101,91,54,211,4,73,21,275,37,168,86,882,47,393,42,272,213,488,74,77,164,166,43,7,24,3,2,1,9,10,13,13,13,3,1,1,3,24,2,20,0,0,0,0,10,3,63,1,0,0,5,0,0,20,2,0,10,2,0,6,256,265
"hsa-miR-378a-3p",5066,31622,4372,19757,5842,28624,16615,14964,2630,9999,3252,48758,6337,37904,5045,23847,6453,12300,7481,12416,38384,48413,6950,18642,23874,33222,12423,32840,23641,46249,2779,8309,25053,15299,16420,41361,4586,14492,12392,26074,7878,41053,8632,21972,30418,69862,9275,15588,33146,30875,8052,36225,4810,34802,5482,8377,6138,48888,5508,68433,4649,15391,13910,24081,5213,15406,28177,14706,16343,15173,17255,11886,35150,30364,18516,18325,28736,36456,27181,40084,35082,35010,3499,2570,8186,7433,8706,6530,7065,7333,13697,14863,6365,4414,1672,6257,5983,16393,17697,3889,5461,43962,9715,11122
"hsa-miR-15a-3p",87,146,76,70,105,82,28,55,27,57,19,55,78,104,98,83,49,56,107,96,87,116,32,53,40,57,109,69,41,83,58,63,17,31,26,54,112,52,110,26,69,104,156,78,32,75,122,153,67,49,41,129,54,57,98,59,96,113,72,58,159,51,46,31,0,0,1,1,2,0,0,0,0,0,1,1,0,0,0,0,0,0,4,2,0,1,0,0,1,0,0,1,1,0,0,0,0,1,0,0,0,1,3,0
"hsa-miR-486-3p",175,65,156,118,36,121,243,167,47,28,146,284,435,175,347,770,15,188,43,79,198,1100,323,45,143,22,1178,255,44,369,889,62,44,723,79,20,964,317,20,511,177,85,38,323,116,627,16,23,21,13,3,615,46,20,98,12,140,130,191,25,55,47,8,227,11,15,14,8,2,3,40,8,3,11,5,13,9,14,19,5,5,15,8,12,1,4,12,3,18,0,2,21,2,0,0,3,25,2,2,2,1,72,5,56
"hsa-miR-505-5p",369,413,542,367,190,334,125,77,162,178,281,389,124,472,242,196,97,196,272,257,514,546,138,252,352,201,1463,695,1175,377,118,192,723,321,119,801,176,564,136,89,272,493,122,888,380,329,103,67,1123,406,159,739,489,290,264,175,143,170,462,587,192,294,1132,227,3,0,2,8,2,0,2,0,0,8,3,1,4,3,6,0,5,2,6,2,9,6,1,3,8,2,7,4,1,0,1,0,0,2,1,3,10,10,2,0
"hsa-miR-376b-3p",85,87,57,26,73,69,201,26,183,51,204,83,23,158,2959,378,35,70,14,98,13,45,143,32,44,35,58,38,24,107,30,84,19,52,25,30,30,59,38,54,744,26,291,42,3,28,116,110,18,110,37,47,89,54,92,97,56,52,96,73,82,46,15,38,6,12,5,0,12,4,16,1,3,1,9,3,1,3,0,11,5,3,0,0,0,0,13,1,2,4,160,2,3,0,231,6,1,37,3,140,2,1,10,2
"hsa-miR-495-3p",163,404,374,70,218,188,581,77,682,127,579,133,175,761,2437,592,75,161,89,383,22,110,466,201,87,110,280,132,52,190,139,422,80,534,114,98,109,237,61,154,1333,135,821,184,225,88,335,223,30,196,98,150,297,161,226,330,239,196,358,103,266,87,51,136,32,24,11,28,54,1,16,15,3,9,15,4,3,4,5,7,11,8,0,4,0,1,18,18,17,1,99,2,12,2,258,19,2,26,1,54,1,4,8,14
"hsa-miR-128-3p",4063,2535,19267,2632,4467,4869,5056,1570,29881,1682,10394,2770,8006,3019,4311,2251,2480,2040,7129,2643,3408,2498,7177,2862,5444,2062,5849,4333,10396,3713,5408,3330,8946,4092,2929,2422,2960,4110,16973,1301,5527,3863,2098,2888,24568,3906,5955,3208,3677,4805,5980,3784,8074,2868,4364,2274,4727,1742,5876,3604,5611,2699,4572,2884,388,292,199,310,201,381,367,300,334,265,444,431,932,510,696,522,351,282,652,754,341,1161,180,285,911,903,668,626,690,594,914,377,621,1555,635,1004,2014,361,771,811
"hsa-miR-323a-3p",135,80,206,36,142,91,261,43,359,33,1164,244,165,203,17944,1707,28,53,23,66,15,94,181,31,65,63,113,64,82,218,63,71,52,90,51,49,64,125,207,65,6952,127,304,82,216,79,598,93,27,172,132,80,127,80,147,117,76,57,217,114,170,45,30,45,16,8,6,1,20,1,61,6,5,13,50,9,9,11,7,20,11,10,3,2,4,1,12,7,35,4,451,10,15,2,1204,18,5,222,4,438,3,6,35,31
"hsa-miR-34a-3p",319,202,125,88,143,110,147,79,168,72,65,59,200,135,132,126,68,68,98,124,239,85,132,70,220,65,182,142,478,81,246,180,187,229,456,111,106,212,80,27,176,149,194,159,161,77,34,167,351,195,90,190,197,99,114,114,137,98,222,136,155,85,581,110,7,12,7,0,12,8,4,4,3,6,9,19,3,4,1,1,5,1,10,7,19,43,5,10,3,16,8,5,15,12,14,20,5,2,8,6,6,9,0,1
"hsa-miR-489-3p",100,37,34,43,29,44,50,18,30,33,52,20,41,16,30,37,207,14,69,25,9,32,57,31,92,45,200,29,94,48,461,36,183,100,21,39,13,52,114,9,20,37,50,63,10,24,18,26,3,13,209,34,67,53,29,52,88,59,89,19,38,30,70,37,8,1,1,12,0,9,8,6,3,9,7,11,9,4,6,1,5,10,35,34,6,1,0,9,32,8,7,1,5,46,12,15,6,6,67,3,12,1,5,4
"hsa-let-7c-5p",9663,70307,31391,46375,47078,68981,54169,28022,57499,37521,33899,69137,19691,54168,7500,36917,8761,21069,15944,10869,59096,71377,39892,42238,53303,28355,23331,68417,9696,86700,9050,14162,48955,45967,16510,63560,6559,43962,23186,40823,44644,93740,55755,69377,71906,68538,13973,32950,26526,66902,28994,51593,13150,58341,6915,27860,34124,47239,17491,55405,18180,46151,3712,33118,6865,3832,7105,7719,3681,10687,10719,9602,14902,17977,8803,11536,12609,11805,12751,11804,12702,18548,5987,6071,1889,2713,2152,1827,228,5107,1820,1391,6085,2841,1243,8474,5617,2284,3886,8679,9509,16342,3556,852
"hsa-miR-484",16587,7412,18332,7563,26065,7642,21352,4360,4167,4662,25937,8195,8382,11954,14358,7863,5004,9157,15346,12926,18878,10717,28313,15252,26370,7283,14992,12435,10457,8063,8031,14468,39637,12254,6373,7262,2289,13564,4770,2730,8988,7754,3890,11962,6076,5172,8369,7042,16321,3499,9849,11216,20102,6106,10978,6787,17373,7151,19318,14978,8314,5193,37505,9379,554,340,247,583,574,425,571,552,573,303,492,559,611,449,515,417,207,438,408,335,1762,1134,339,841,2098,595,598,399,522,377,637,403,734,543,416,432,790,679,759,491
"hsa-miR-19a-3p",1065,846,1739,302,1325,408,614,331,265,205,666,318,1695,397,376,473,190,212,457,488,796,523,419,293,466,457,510,613,168,307,799,698,1279,400,728,261,453,592,225,226,1338,514,337,395,304,373,1407,2138,330,595,1090,952,453,418,954,231,1252,940,348,375,741,305,722,320,47,286,169,123,110,399,348,116,620,287,214,276,531,339,257,315,713,208,448,737,360,35,377,81,167,322,679,177,694,197,371,97,751,134,469,277,248,181,341,291
"hsa-miR-616-5p",60,14,37,6,4,8,4,10,3,7,14,6,89,9,11,9,10,1,26,5,14,8,8,7,21,7,81,10,37,5,8,12,13,3,18,7,11,10,20,4,9,14,13,16,91,5,27,16,9,8,18,18,20,4,10,3,7,6,7,5,26,6,54,3,10,15,19,19,5,21,22,8,26,13,11,13,29,16,21,16,5,5,30,14,136,132,13,43,45,50,21,36,24,25,12,15,32,88,54,18,16,25,26,22
"hsa-miR-369-3p",1992,2256,1345,808,2361,2563,3419,839,2626,531,7249,2379,783,4899,100730,9601,625,1933,370,2458,66,1608,2238,458,472,1259,1081,927,542,2326,417,1122,253,1017,648,918,604,859,1022,1020,17609,893,4304,1177,578,640,2455,1252,268,1230,1088,685,734,869,1583,3126,789,1551,2646,1624,2041,1134,276,1158,55,28,38,23,67,32,79,21,26,11,65,26,33,19,13,40,35,17,6,14,11,4,48,27,40,19,499,5,31,12,1290,63,16,131,13,717,10,5,19,5
"hsa-miR-663b",145,61,13,315,113,379,39,128,57,115,28,1078,1,382,79,105,14,55,20,134,691,2137,10,15,407,234,682,1929,44,384,50,324,134,34,24,511,3,332,7,52,39,686,21,243,821,41,16,132,1472,98,9,1247,44,205,132,252,801,933,31,731,15,96,12,244,2,0,0,1,0,1,0,0,1,3,5,3,4,0,9,0,2,0,0,0,0,0,1,0,0,0,0,1,0,0,0,0,0,2,1,0,0,0,0,2
"hsa-miR-9-5p",487,246,28131,270,4060,352,1843,198,63941,750,90155,934,30823,690,209,272,217,391,852,874,939,319,1006,309,1031,148,6688,464,299,348,1126,1406,3057,1202,131,257,256,1003,656,100,313,300,1148,692,35499,223,115,842,1642,623,114,1096,951,1041,1161,525,572,1201,754,1736,2907,195,2797,138,31,1,0,19,2,58,32,72,47,89,38,27,14,36,38,33,96,105,20,14,46,4,2,0,55,32,17,223,36,15652,9,115,35,27,48,18,40,28,13,11
"hsa-miR-21-5p",1931891,673309,2940602,627806,2192807,885222,2274363,375960,7305568,961955,2743092,525072,4577849,1266194,2125914,1333484,4043865,696426,2773533,1279936,3625492,731583,4120963,875847,2401312,472691,2845571,1356727,4104231,1183596,4531622,2164118,7250896,1859649,3217463,790473,5756220,1636277,6857922,764784,1278935,849120,3102849,658145,2717275,933791,1015515,708765,1625117,1601517,2413501,942004,7119443,1393250,4942875,1427275,2865782,537913,4707038,1381480,2421306,809297,5179537,702484,98476,175884,123738,213900,281867,134499,85628,148240,98768,77100,75349,94809,102134,73513,77174,78654,63574,66877,365528,383764,284231,466789,318696,741149,110370,235290,180552,227303,101300,443352,183088,248450,234175,144339,125378,149785,121416,99655,86033,61301
"hsa-miR-497-5p",9685,27648,24830,10525,31189,26791,25058,9370,34267,25254,7637,15117,10385,32312,9026,27020,6813,15130,4707,13701,19861,21236,20220,18551,26423,11913,26085,27323,16229,26463,7170,23983,5147,35817,22698,14325,8920,46657,5430,19107,31997,39247,30693,21192,5452,32902,2397,23877,4126,36611,6876,20581,11290,38646,11984,14579,40578,34934,11704,17928,19562,22349,4464,10086,1025,830,718,373,796,572,760,566,474,602,761,806,309,517,466,380,542,570,249,202,706,169,383,360,183,663,219,45,208,127,135,875,900,84,264,281,198,309,91,55
"hsa-miR-34a-5p",566882,214693,147418,163861,314947,190205,358814,108119,313199,161867,133715,178026,343947,216143,240203,215442,292438,111218,280826,205876,779795,137580,306316,185598,483342,115284,196704,147103,933178,240059,373765,208554,229478,306347,748940,255931,216162,228327,356428,97311,254591,200925,519103,155972,451017,186404,33876,76198,990725,336528,257408,140385,273778,185151,186568,216949,222345,97116,342143,343294,244663,233590,648636,139142,1052,325,160,856,281,1156,620,822,785,1025,827,2169,788,596,1043,535,420,475,1262,1448,902,769,215,344,55,1098,580,808,698,1555,806,2637,711,594,1335,806,645,962,179,108
"hsa-miR-511-3p",81,141,30,100,73,176,137,111,403,143,30,67,206,201,54,134,174,147,105,496,11,97,115,95,37,138,56,134,46,138,45,190,164,76,273,87,222,172,58,97,60,112,157,102,19,89,31,414,24,217,54,115,91,173,76,235,61,216,91,136,55,100,76,111,6,9,12,3,12,21,15,9,20,14,17,8,6,12,4,12,13,5,2,2,0,9,5,2,1,5,11,2,8,2,0,3,2,7,4,2,3,4,4,4
